country,date_month_string,monthly_vaccinations_per_country,monthly_vaccinations_per_million_per_country,date_month_number,monthly_vaccinations_globally
Afghanistan,2021-02,8202,204,3,170467452
Afghanistan,2021-03,85894,2154,4,340529467
Afghanistan,2021-04,219606,5511,5,533501731
Afghanistan,2021-05,285838,7171,6,792994644
Afghanistan,2021-06,242899,6097,7,1136984197
Afghanistan,2021-07,337196,8466,8,1060429251
Afghanistan,2021-08,591825,14854,9,1201442306
Afghanistan,2021-09,563255,14132,10,969014866
Afghanistan,2021-10,1064777,26738,11,805830936
Afghanistan,2021-11,512890,12880,12,582593278
Albania,2021-01,741,257,2,93138028
Albania,2021-02,9504,3305,3,170467452
Albania,2021-03,78590,27354,4,340529467
Albania,2021-04,339023,118004,5,533501731
Albania,2021-05,333048,115927,6,792994644
Albania,2021-06,180622,62871,7,1136984197
Albania,2021-07,228113,79398,8,1060429251
Albania,2021-08,267844,93230,9,1201442306
Albania,2021-09,279183,97175,10,969014866
Albania,2021-10,178646,62180,11,805830936
Albania,2021-11,114204,39752,12,582593278
Algeria,2021-01,1919,43,2,93138028
Algeria,2021-02,212612,4764,3,170467452
Algeria,2021-03,693439,15531,4,340529467
Algeria,2021-04,671070,15030,5,533501731
Algeria,2021-05,693439,15531,6,792994644
Algeria,2021-06,671070,15030,7,1136984197
Algeria,2021-07,693439,15531,8,1060429251
Algeria,2021-08,2569903,57594,9,1201442306
Algeria,2021-09,3923972,87950,10,969014866
Algeria,2021-10,1031025,23118,11,805830936
Algeria,2021-11,184546,4135,12,582593278
Andorra,2021-01,396,5118,2,93138028
Andorra,2021-02,1710,22108,3,170467452
Andorra,2021-03,8579,110908,4,340529467
Andorra,2021-04,17392,224837,5,533501731
Andorra,2021-05,6692,86512,6,792994644
Andorra,2021-06,32200,416266,7,1136984197
Andorra,2021-07,17752,229488,8,1060429251
Andorra,2021-08,10473,135388,9,1201442306
Andorra,2021-09,6488,83869,10,969014866
Andorra,2021-10,2268,29315,11,805830936
Angola,2021-03,123619,3643,4,340529467
Angola,2021-04,371211,10938,5,533501731
Angola,2021-05,385967,11373,6,792994644
Angola,2021-06,591825,17439,7,1136984197
Angola,2021-07,175073,5158,8,1060429251
Angola,2021-08,301415,8883,9,1201442306
Angola,2021-09,1280419,37733,10,969014866
Angola,2021-10,3069409,90455,11,805830936
Angola,2021-11,1753335,51669,12,582593278
Anguilla,2021-02,4265,281980,3,170467452
Anguilla,2021-03,1708,112922,4,340529467
Anguilla,2021-04,2627,173681,5,533501731
Anguilla,2021-05,6189,409187,6,792994644
Anguilla,2021-06,1619,107041,7,1136984197
Anguilla,2021-07,2158,142676,8,1060429251
Anguilla,2021-08,325,21487,9,1201442306
Anguilla,2021-09,168,11106,10,969014866
Anguilla,2021-10,69,4562,11,805830936
Anguilla,2021-11,239,15802,12,582593278
Antigua and Barbuda,2021-02,10740,108780,3,170467452
Antigua and Barbuda,2021-03,18580,188189,4,340529467
Antigua and Barbuda,2021-04,3568,36140,5,533501731
Antigua and Barbuda,2021-05,16565,167778,6,792994644
Antigua and Barbuda,2021-06,16985,172037,7,1136984197
Antigua and Barbuda,2021-07,4947,50109,8,1060429251
Antigua and Barbuda,2021-08,5234,53013,9,1201442306
Antigua and Barbuda,2021-09,18246,184814,10,969014866
Antigua and Barbuda,2021-10,13762,139392,11,805830936
Antigua and Barbuda,2021-11,7938,80401,12,582593278
Argentina,2020-12,31312,686,1,8698776
Argentina,2021-01,337978,7410,2,93138028
Argentina,2021-02,523874,11487,3,170467452
Argentina,2021-03,2760800,60537,4,340529467
Argentina,2021-04,3796176,83241,5,533501731
Argentina,2021-05,4306511,94428,6,792994644
Argentina,2021-06,8007917,175593,7,1136984197
Argentina,2021-07,10974459,240636,8,1060429251
Argentina,2021-08,10488864,229990,9,1201442306
Argentina,2021-09,9785210,214559,10,969014866
Argentina,2021-10,8216680,180167,11,805830936
Argentina,2021-11,5635261,123564,12,582593278
Armenia,2021-04,7830,2640,5,533501731
Armenia,2021-05,24064,8109,6,792994644
Armenia,2021-06,43821,14763,7,1136984197
Armenia,2021-07,85342,28756,8,1060429251
Armenia,2021-08,108731,36630,9,1201442306
Armenia,2021-09,146487,49354,10,969014866
Armenia,2021-10,363305,122400,11,805830936
Armenia,2021-11,124533,41956,12,582593278
Aruba,2021-03,2556,23844,4,340529467
Aruba,2021-04,49393,460774,5,533501731
Aruba,2021-05,39008,363898,6,792994644
Aruba,2021-06,12931,120630,7,1136984197
Aruba,2021-07,11136,103886,8,1060429251
Aruba,2021-08,10505,98000,9,1201442306
Aruba,2021-09,8360,77989,10,969014866
Aruba,2021-10,3437,32063,11,805830936
Aruba,2021-11,1623,15140,12,582593278
Australia,2021-02,33876,1315,3,170467452
Australia,2021-03,556918,21598,4,340529467
Australia,2021-04,1478905,57347,5,533501731
Australia,2021-05,2044108,79263,6,792994644
Australia,2021-06,3325597,128956,7,1136984197
Australia,2021-07,4357441,168969,8,1060429251
Australia,2021-08,7076785,274420,9,1201442306
Australia,2021-09,8272203,320774,10,969014866
Australia,2021-10,7985714,309666,11,805830936
Australia,2021-11,2967494,115071,12,582593278
Austria,2020-12,5397,597,1,8698776
Austria,2021-01,240178,26559,2,93138028
Austria,2021-02,404811,44767,3,170467452
Austria,2021-03,975784,107901,4,340529467
Austria,2021-04,1402473,155087,5,533501731
Austria,2021-05,2004675,221682,6,792994644
Austria,2021-06,2563275,283448,7,1136984197
Austria,2021-07,2030303,224514,8,1060429251
Austria,2021-08,844822,93421,9,1201442306
Austria,2021-09,424412,46932,10,969014866
Austria,2021-10,593413,65622,11,805830936
Austria,2021-11,1080312,119460,12,582593278
Azerbaijan,2021-01,45500,4452,2,93138028
Azerbaijan,2021-02,217899,21311,3,170467452
Azerbaijan,2021-03,379664,37143,4,340529467
Azerbaijan,2021-04,811774,79405,5,533501731
Azerbaijan,2021-05,707417,69198,6,792994644
Azerbaijan,2021-06,1174588,114892,7,1136984197
Azerbaijan,2021-07,1405884,137513,8,1060429251
Azerbaijan,2021-08,1841591,180135,9,1201442306
Azerbaijan,2021-09,1808388,176888,10,969014866
Azerbaijan,2021-10,1137573,111272,11,805830936
Azerbaijan,2021-11,648885,63472,12,582593278
Bahamas,2021-03,7038,17731,4,340529467
Bahamas,2021-04,19378,48821,5,533501731
Bahamas,2021-05,28655,72196,6,792994644
Bahamas,2021-06,36899,92964,7,1136984197
Bahamas,2021-07,12860,32400,8,1060429251
Bahamas,2021-08,41652,104938,9,1201442306
Bahamas,2021-09,48429,122013,10,969014866
Bahamas,2021-10,58944,148506,11,805830936
Bahamas,2021-11,18807,47382,12,582593278
Bahrain,2020-12,34657,19824,1,8698776
Bahrain,2021-01,166495,95232,2,93138028
Bahrain,2021-02,215936,123508,3,170467452
Bahrain,2021-03,299172,171123,4,340529467
Bahrain,2021-04,467272,267271,5,533501731
Bahrain,2021-05,469479,268535,6,792994644
Bahrain,2021-06,383950,219613,7,1136984197
Bahrain,2021-07,231478,132398,8,1060429251
Bahrain,2021-08,189211,108229,9,1201442306
Bahrain,2021-09,90888,51986,10,969014866
Bahrain,2021-10,190527,108979,11,805830936
Bahrain,2021-11,80708,46164,12,582593278
Bangladesh,2021-01,5139,31,2,93138028
Bangladesh,2021-02,2759688,16593,3,170467452
Bangladesh,2021-03,2503853,15055,4,340529467
Bangladesh,2021-04,3103484,18661,5,533501731
Bangladesh,2021-05,1579134,9493,6,792994644
Bangladesh,2021-06,150076,899,7,1136984197
Bangladesh,2021-07,1035171,6224,8,1060429251
Bangladesh,2021-08,14205449,85418,9,1201442306
Bangladesh,2021-09,17359979,104386,10,969014866
Bangladesh,2021-10,22991407,138250,11,805830936
Bangladesh,2021-11,19333823,116256,12,582593278
Barbados,2021-02,31656,110027,3,170467452
Barbados,2021-03,34295,119201,4,340529467
Barbados,2021-04,10136,35231,5,533501731
Barbados,2021-05,63309,220046,6,792994644
Barbados,2021-06,27596,95918,7,1136984197
Barbados,2021-07,10022,34832,8,1060429251
Barbados,2021-08,27181,94475,9,1201442306
Barbados,2021-09,35019,121715,10,969014866
Barbados,2021-10,36188,125778,11,805830936
Barbados,2021-11,11329,39376,12,582593278
Belarus,2020-12,1209,129,1,8698776
Belarus,2021-01,12493,1333,2,93138028
Belarus,2021-02,11646,1238,3,170467452
Belarus,2021-03,50013,5296,4,340529467
Belarus,2021-04,289082,30612,5,533501731
Belarus,2021-05,409940,43413,6,792994644
Belarus,2021-06,668362,70776,7,1136984197
Belarus,2021-07,832811,88188,8,1060429251
Belarus,2021-08,669954,70948,9,1201442306
Belarus,2021-09,717179,75949,10,969014866
Belarus,2021-10,1288557,136459,11,805830936
Belarus,2021-11,617014,65338,12,582593278
Belgium,2020-12,504,44,1,8698776
Belgium,2021-01,309962,26647,2,93138028
Belgium,2021-02,517962,44528,3,170467452
Belgium,2021-03,1040932,89486,4,340529467
Belgium,2021-04,1859478,159855,5,533501731
Belgium,2021-05,2889453,248399,6,792994644
Belgium,2021-06,4104570,352860,7,1136984197
Belgium,2021-07,3561985,306213,8,1060429251
Belgium,2021-08,1881348,161735,9,1201442306
Belgium,2021-09,458356,39402,10,969014866
Belgium,2021-10,260634,22407,11,805830936
Belgium,2021-11,118568,10193,12,582593278
Belize,2021-03,21585,53308,4,340529467
Belize,2021-04,20367,50299,5,533501731
Belize,2021-05,33272,82168,6,792994644
Belize,2021-06,37904,93612,7,1136984197
Belize,2021-07,64980,160481,8,1060429251
Belize,2021-08,56059,138446,9,1201442306
Belize,2021-09,80482,198762,10,969014866
Belize,2021-10,68386,168885,11,805830936
Belize,2021-11,13021,32158,12,582593278
Benin,2021-05,8327,668,6,792994644
Benin,2021-06,26658,2137,7,1136984197
Benin,2021-07,17949,1445,8,1060429251
Benin,2021-08,65304,5244,9,1201442306
Benin,2021-09,80871,6497,10,969014866
Benin,2021-10,72850,5853,11,805830936
Benin,2021-11,46909,3768,12,582593278
Bermuda,2021-01,5216,84004,2,93138028
Bermuda,2021-02,14818,238645,3,170467452
Bermuda,2021-03,18885,304147,4,340529467
Bermuda,2021-04,18148,292277,5,533501731
Bermuda,2021-05,13901,223876,6,792994644
Bermuda,2021-06,9454,152257,7,1136984197
Bermuda,2021-07,3161,50910,8,1060429251
Bermuda,2021-08,2092,33693,9,1201442306
Bermuda,2021-09,2066,33273,10,969014866
Bermuda,2021-10,5623,90561,11,805830936
Bermuda,2021-11,5136,82716,12,582593278
Bhutan,2021-03,433335,555629,4,340529467
Bhutan,2021-04,307630,394445,5,533501731
Bhutan,2021-05,2745,3519,6,792994644
Bhutan,2021-06,2574,3306,7,1136984197
Bhutan,2021-07,466157,597714,8,1060429251
Bhutan,2021-08,91327,117101,9,1201442306
Bhutan,2021-09,37886,48579,10,969014866
Bhutan,2021-10,48662,62396,11,805830936
Bolivia,2021-01,54,5,2,93138028
Bolivia,2021-02,17259,1455,3,170467452
Bolivia,2021-03,253495,21421,4,340529467
Bolivia,2021-04,458190,38722,5,533501731
Bolivia,2021-05,856735,72403,6,792994644
Bolivia,2021-06,841618,71124,7,1136984197
Bolivia,2021-07,1884921,159294,8,1060429251
Bolivia,2021-08,1493750,126235,9,1201442306
Bolivia,2021-09,867382,73300,10,969014866
Bolivia,2021-10,1016211,85876,11,805830936
Bolivia,2021-11,286615,24222,12,582593278
Bonaire Sint Eustatius and Saba,2021-04,4116,155652,5,533501731
Bonaire Sint Eustatius and Saba,2021-05,6076,229772,6,792994644
Bonaire Sint Eustatius and Saba,2021-06,5880,222360,7,1136984197
Bonaire Sint Eustatius and Saba,2021-07,6076,229772,8,1060429251
Bonaire Sint Eustatius and Saba,2021-08,6076,229772,9,1201442306
Bonaire Sint Eustatius and Saba,2021-09,196,7412,10,969014866
Bosnia and Herzegovina,2021-02,9758,2992,3,170467452
Bosnia and Herzegovina,2021-03,17794,5456,4,340529467
Bosnia and Herzegovina,2021-04,67402,20658,5,533501731
Bosnia and Herzegovina,2021-05,159488,48872,6,792994644
Bosnia and Herzegovina,2021-06,203627,62397,7,1136984197
Bosnia and Herzegovina,2021-07,244502,74921,8,1060429251
Bosnia and Herzegovina,2021-08,293265,89865,9,1201442306
Bosnia and Herzegovina,2021-09,231389,70910,10,969014866
Bosnia and Herzegovina,2021-10,231823,71027,11,805830936
Bosnia and Herzegovina,2021-11,45606,13975,12,582593278
Botswana,2021-03,9708,4050,4,340529467
Botswana,2021-04,43904,18317,5,533501731
Botswana,2021-05,93051,38818,6,792994644
Botswana,2021-06,105058,43825,7,1136984197
Botswana,2021-07,111169,46378,8,1060429251
Botswana,2021-08,116620,48646,9,1201442306
Botswana,2021-09,146359,61051,10,969014866
Botswana,2021-10,325800,135906,11,805830936
Botswana,2021-11,260121,108511,12,582593278
Brazil,2021-01,1430187,6684,2,93138028
Brazil,2021-02,6379701,29813,3,170467452
Brazil,2021-03,9963316,46558,4,340529467
Brazil,2021-04,22332746,104362,5,533501731
Brazil,2021-05,25844185,120770,6,792994644
Brazil,2021-06,30639121,143178,7,1136984197
Brazil,2021-07,41085013,191991,8,1060429251
Brazil,2021-08,50666500,236768,9,1201442306
Brazil,2021-09,45044918,210499,10,969014866
Brazil,2021-10,39660501,185336,11,805830936
Brazil,2021-11,21496549,100454,12,582593278
British Virgin Islands,2021-05,1862,61201,6,792994644
British Virgin Islands,2021-06,5296,174080,7,1136984197
British Virgin Islands,2021-07,5838,191892,8,1060429251
British Virgin Islands,2021-08,2819,92659,9,1201442306
British Virgin Islands,2021-09,2331,76620,10,969014866
British Virgin Islands,2021-10,1205,39608,11,805830936
British Virgin Islands,2021-11,677,22252,12,582593278
Brunei,2021-04,15372,34816,5,533501731
Brunei,2021-05,35897,81300,6,792994644
Brunei,2021-06,28979,65634,7,1136984197
Brunei,2021-07,77359,175203,8,1060429251
Brunei,2021-08,148039,335283,9,1201442306
Brunei,2021-09,162564,368182,10,969014866
Brunei,2021-10,136668,309530,11,805830936
Brunei,2021-11,83485,189082,12,582593278
Bulgaria,2020-12,4366,633,1,8698776
Bulgaria,2021-01,34273,4969,2,93138028
Bulgaria,2021-02,144782,20992,3,170467452
Bulgaria,2021-03,261477,37912,4,340529467
Bulgaria,2021-04,318730,46217,5,533501731
Bulgaria,2021-05,570317,82694,6,792994644
Bulgaria,2021-06,401775,58257,7,1136984197
Bulgaria,2021-07,268672,38962,8,1060429251
Bulgaria,2021-08,283610,41125,9,1201442306
Bulgaria,2021-09,233017,33785,10,969014866
Bulgaria,2021-10,297317,43110,11,805830936
Bulgaria,2021-11,313873,45509,12,582593278
Burkina Faso,2021-06,27943,1305,7,1136984197
Burkina Faso,2021-07,11240,518,8,1060429251
Burkina Faso,2021-08,68503,3183,9,1201442306
Burkina Faso,2021-09,162098,7537,10,969014866
Burkina Faso,2021-10,308222,14341,11,805830936
Burkina Faso,2021-11,69568,3236,12,582593278
Burundi,2021-10,701,59,11,805830936
Burundi,2021-11,598,47,12,582593278
Cambodia,2021-02,58431,3448,3,170467452
Cambodia,2021-03,536238,31641,4,340529467
Cambodia,2021-04,1536052,90639,5,533501731
Cambodia,2021-05,2192175,129358,6,792994644
Cambodia,2021-06,2530842,149342,7,1136984197
Cambodia,2021-07,4813027,284014,8,1060429251
Cambodia,2021-08,6859984,404803,9,1201442306
Cambodia,2021-09,5417771,319701,10,969014866
Cambodia,2021-10,3519670,207694,11,805830936
Cambodia,2021-11,821609,48484,12,582593278
Cameroon,2021-04,11551,426,5,533501731
Cameroon,2021-05,58696,2156,6,792994644
Cameroon,2021-06,40409,1482,7,1136984197
Cameroon,2021-07,226595,8326,8,1060429251
Cameroon,2021-08,90814,3335,9,1201442306
Cameroon,2021-09,37398,1373,10,969014866
Cameroon,2021-10,38951,1431,11,805830936
Cameroon,2021-11,60849,2234,12,582593278
Canada,2020-12,71774,1886,1,8698776
Canada,2021-01,854207,22440,2,93138028
Canada,2021-02,825165,21676,3,170467452
Canada,2021-03,3439556,90353,4,340529467
Canada,2021-04,7495469,196896,5,533501731
Canada,2021-05,10214992,268338,6,792994644
Canada,2021-06,12992548,341299,7,1136984197
Canada,2021-07,12804745,336367,8,1060429251
Canada,2021-08,4521650,118776,9,1201442306
Canada,2021-09,2788950,73264,10,969014866
Canada,2021-10,2494600,65533,11,805830936
Canada,2021-11,1267181,33288,12,582593278
Cape Verde,2021-03,4838,8611,4,340529467
Cape Verde,2021-04,11700,20820,5,533501731
Cape Verde,2021-05,10565,18805,6,792994644
Cape Verde,2021-06,54569,97112,7,1136984197
Cape Verde,2021-07,84854,151013,8,1060429251
Cape Verde,2021-08,137282,244316,9,1201442306
Cape Verde,2021-09,112376,199994,10,969014866
Cape Verde,2021-10,89158,158673,11,805830936
Cape Verde,2021-11,18040,32106,12,582593278
Cayman Islands,2020-12,1375,20675,1,8698776
Cayman Islands,2021-01,8525,128185,2,93138028
Cayman Islands,2021-02,11929,179386,3,170467452
Cayman Islands,2021-03,25746,387169,4,340529467
Cayman Islands,2021-04,18297,275148,5,533501731
Cayman Islands,2021-05,15217,228833,6,792994644
Cayman Islands,2021-06,11881,178663,7,1136984197
Cayman Islands,2021-07,5059,76076,8,1060429251
Cayman Islands,2021-08,3236,48665,9,1201442306
Cayman Islands,2021-09,5946,89414,10,969014866
Cayman Islands,2021-10,6751,101518,11,805830936
Cayman Islands,2021-11,5039,75777,12,582593278
Central African Republic,2021-05,17746,3610,6,792994644
Central African Republic,2021-06,62845,12775,7,1136984197
Central African Republic,2021-07,15749,3203,8,1060429251
Central African Republic,2021-08,19143,3887,9,1201442306
Central African Republic,2021-09,72431,14717,10,969014866
Central African Republic,2021-10,223090,45345,11,805830936
Central African Republic,2021-11,13413,2726,12,582593278
Chad,2021-06,5375,325,7,1136984197
Chad,2021-07,20292,1199,8,1060429251
Chad,2021-08,22944,1354,9,1201442306
Chad,2021-09,93578,5530,10,969014866
Chad,2021-10,79030,4672,11,805830936
Chad,2021-11,13097,772,12,582593278
Chile,2020-12,17748,923,1,8698776
Chile,2021-01,59238,3079,2,93138028
Chile,2021-02,3178236,165426,3,170467452
Chile,2021-03,6626924,344928,4,340529467
Chile,2021-04,4650605,242062,5,533501731
Chile,2021-05,3863957,201118,6,792994644
Chile,2021-06,4295136,223561,7,1136984197
Chile,2021-07,3052586,158884,8,1060429251
Chile,2021-08,2936563,152845,9,1201442306
Chile,2021-09,3198609,166487,10,969014866
Chile,2021-10,4599010,239378,11,805830936
Chile,2021-11,2785099,144966,12,582593278
China,2020-12,3000000,2080,1,8698776
China,2021-01,18794325,13013,2,93138028
China,2021-02,27893435,19309,3,170467452
China,2021-03,55563168,38470,4,340529467
China,2021-04,132826860,91969,5,533501731
China,2021-05,364184997,252165,6,792994644
China,2021-06,581455146,402608,7,1136984197
China,2021-07,416799142,288601,8,1060429251
China,2021-08,428975427,297028,9,1201442306
China,2021-09,172708569,119588,10,969014866
China,2021-10,56364715,39028,11,805830936
China,2021-11,150228713,104021,12,582593278
Colombia,2021-02,106949,2085,3,170467452
Colombia,2021-03,1773209,34589,4,340529467
Colombia,2021-04,2798908,54598,5,533501731
Colombia,2021-05,4713946,91950,6,792994644
Colombia,2021-06,7938298,154850,7,1136984197
Colombia,2021-07,9006818,175689,8,1060429251
Colombia,2021-08,8653058,168785,9,1201442306
Colombia,2021-09,5121367,99898,10,969014866
Colombia,2021-10,6789592,132439,11,805830936
Colombia,2021-11,5259763,102596,12,582593278
Comoros,2021-04,12978,14607,5,533501731
Comoros,2021-05,58973,66376,6,792994644
Comoros,2021-06,7870,8854,7,1136984197
Comoros,2021-07,51601,58081,8,1060429251
Comoros,2021-08,140781,158456,9,1201442306
Comoros,2021-09,66590,74949,10,969014866
Comoros,2021-10,86762,97654,11,805830936
Comoros,2021-11,35192,39610,12,582593278
Congo,2021-04,13632,2416,5,533501731
Congo,2021-05,21077,3733,6,792994644
Congo,2021-06,63887,11297,7,1136984197
Congo,2021-07,86547,15295,8,1060429251
Congo,2021-08,97258,17189,9,1201442306
Congo,2021-09,46201,8164,10,969014866
Congo,2021-10,119287,21085,11,805830936
Congo,2021-11,116162,20534,12,582593278
Cook Islands,2021-05,3366,191556,6,792994644
Cook Islands,2021-06,12535,713351,7,1136984197
Cook Islands,2021-07,2301,130946,8,1060429251
Cook Islands,2021-08,1426,81158,9,1201442306
Cook Islands,2021-09,218,12413,10,969014866
Cook Islands,2021-10,1374,78190,11,805830936
Cook Islands,2021-11,320,18208,12,582593278
Costa Rica,2020-12,1680,329,1,8698776
Costa Rica,2021-01,51219,9967,2,93138028
Costa Rica,2021-02,69793,13581,3,170467452
Costa Rica,2021-03,258414,50287,4,340529467
Costa Rica,2021-04,457874,89098,5,533501731
Costa Rica,2021-05,719930,140090,6,792994644
Costa Rica,2021-06,861089,167557,7,1136984197
Costa Rica,2021-07,1026023,199650,8,1060429251
Costa Rica,2021-08,762797,148430,9,1201442306
Costa Rica,2021-09,1369450,266481,10,969014866
Costa Rica,2021-10,863172,167962,11,805830936
Costa Rica,2021-11,376828,73326,12,582593278
Cote d'Ivoire,2021-03,35498,1311,4,340529467
Cote d'Ivoire,2021-04,94802,3505,5,533501731
Cote d'Ivoire,2021-05,398773,14742,6,792994644
Cote d'Ivoire,2021-06,217397,8039,7,1136984197
Cote d'Ivoire,2021-07,218379,8071,8,1060429251
Cote d'Ivoire,2021-08,351244,12983,9,1201442306
Cote d'Ivoire,2021-09,692216,25586,10,969014866
Cote d'Ivoire,2021-10,1141411,42191,11,805830936
Cote d'Ivoire,2021-11,518853,19179,12,582593278
Croatia,2020-12,1105,271,1,8698776
Croatia,2021-01,71294,17469,2,93138028
Croatia,2021-02,113099,27710,3,170467452
Croatia,2021-03,247673,60679,4,340529467
Croatia,2021-04,389792,95498,5,533501731
Croatia,2021-05,877554,214999,6,792994644
Croatia,2021-06,828160,202899,7,1136984197
Croatia,2021-07,510186,124995,8,1060429251
Croatia,2021-08,211760,51882,9,1201442306
Croatia,2021-09,161477,39563,10,969014866
Croatia,2021-10,178880,43823,11,805830936
Croatia,2021-11,305369,74815,12,582593278
Cuba,2021-06,4223203,373160,7,1136984197
Cuba,2021-07,3572677,315674,8,1060429251
Cuba,2021-08,4260536,376455,9,1201442306
Cuba,2021-09,7027046,620905,10,969014866
Cuba,2021-10,5051561,446348,11,805830936
Cuba,2021-11,1868854,165129,12,582593278
Curacao,2021-03,1778,10789,4,340529467
Curacao,2021-04,70619,428523,5,533501731
Curacao,2021-05,60948,369836,6,792994644
Curacao,2021-06,16431,99706,7,1136984197
Curacao,2021-07,7677,46583,8,1060429251
Curacao,2021-08,7624,46264,9,1201442306
Curacao,2021-09,5030,30523,10,969014866
Curacao,2021-10,5764,34976,11,805830936
Curacao,2021-11,3696,22426,12,582593278
Cyprus,2021-01,21005,23444,2,93138028
Cyprus,2021-02,48644,54292,3,170467452
Cyprus,2021-03,75844,84646,4,340529467
Cyprus,2021-04,114264,127527,5,533501731
Cyprus,2021-05,316514,353249,6,792994644
Cyprus,2021-06,215033,239992,7,1136984197
Cyprus,2021-07,180833,201825,8,1060429251
Cyprus,2021-08,115118,128482,9,1201442306
Cyprus,2021-09,66173,73852,10,969014866
Cyprus,2021-10,57590,64273,11,805830936
Cyprus,2021-11,33975,37919,12,582593278
Czechia,2020-12,10933,1020,1,8698776
Czechia,2021-01,254124,23696,2,93138028
Czechia,2021-02,374972,34963,3,170467452
Czechia,2021-03,991448,92446,4,340529467
Czechia,2021-04,1376464,128347,5,533501731
Czechia,2021-05,2148723,200356,6,792994644
Czechia,2021-06,2857219,266417,7,1136984197
Czechia,2021-07,2227253,207679,8,1060429251
Czechia,2021-08,1204049,112271,9,1201442306
Czechia,2021-09,363167,33865,10,969014866
Czechia,2021-10,409041,38141,11,805830936
Czechia,2021-11,701184,65383,12,582593278
Democratic Republic of Congo,2021-04,3246,38,5,533501731
Democratic Republic of Congo,2021-05,18526,198,6,792994644
Democratic Republic of Congo,2021-06,36917,399,7,1136984197
Democratic Republic of Congo,2021-07,25331,272,8,1060429251
Democratic Republic of Congo,2021-08,10952,120,9,1201442306
Democratic Republic of Congo,2021-09,41272,450,10,969014866
Democratic Republic of Congo,2021-10,13091,146,11,805830936
Democratic Republic of Congo,2021-11,14551,159,12,582593278
Denmark,2020-12,12884,2216,1,8698776
Denmark,2021-01,209319,36008,2,93138028
Denmark,2021-02,317165,54557,3,170467452
Denmark,2021-03,496687,85439,4,340529467
Denmark,2021-04,815180,140227,5,533501731
Denmark,2021-05,1440426,247780,6,792994644
Denmark,2021-06,1785426,307126,7,1136984197
Denmark,2021-07,2109757,362922,8,1060429251
Denmark,2021-08,1325717,228051,9,1201442306
Denmark,2021-09,256794,44174,10,969014866
Denmark,2021-10,72302,12437,11,805830936
Denmark,2021-11,67032,11531,12,582593278
Djibouti,2021-04,3224,3213,5,533501731
Djibouti,2021-05,5438,5430,6,792994644
Djibouti,2021-06,10849,10817,7,1136984197
Djibouti,2021-07,17081,17050,8,1060429251
Djibouti,2021-08,12959,12931,9,1201442306
Djibouti,2021-09,11129,11106,10,969014866
Djibouti,2021-10,18352,18321,11,805830936
Djibouti,2021-11,6805,6787,12,582593278
Dominica,2021-02,5216,72266,3,170467452
Dominica,2021-03,12262,169895,4,340529467
Dominica,2021-04,10016,138783,5,533501731
Dominica,2021-05,9877,136853,6,792994644
Dominica,2021-06,2720,37689,7,1136984197
Dominica,2021-07,1009,13980,8,1060429251
Dominica,2021-08,2031,28143,9,1201442306
Dominica,2021-09,2985,41356,10,969014866
Dominica,2021-10,6769,93788,11,805830936
Dominica,2021-11,2352,32589,12,582593278
Dominican Republic,2021-02,38284,3496,3,170467452
Dominican Republic,2021-03,848368,77451,4,340529467
Dominican Republic,2021-04,962806,87897,5,533501731
Dominican Republic,2021-05,2302511,210203,6,792994644
Dominican Republic,2021-06,3483858,318051,7,1136984197
Dominican Republic,2021-07,2336792,213333,8,1060429251
Dominican Republic,2021-08,1097837,100225,9,1201442306
Dominican Republic,2021-09,772534,70528,10,969014866
Dominican Republic,2021-10,1378762,125871,11,805830936
Dominican Republic,2021-11,418383,38195,12,582593278
Ecuador,2021-01,12000,670,2,93138028
Ecuador,2021-02,55914,3127,3,170467452
Ecuador,2021-03,369602,20663,4,340529467
Ecuador,2021-04,888606,49674,5,533501731
Ecuador,2021-05,1439964,80498,6,792994644
Ecuador,2021-06,1870917,104586,7,1136984197
Ecuador,2021-07,6991388,390830,8,1060429251
Ecuador,2021-08,7310363,408663,9,1201442306
Ecuador,2021-09,1784231,99741,10,969014866
Ecuador,2021-10,1698374,94942,11,805830936
Ecuador,2021-11,533467,29822,12,582593278
Egypt,2021-01,1918,18,2,93138028
Egypt,2021-02,75841,728,3,170467452
Egypt,2021-03,118372,1137,4,340529467
Egypt,2021-04,738914,7085,5,533501731
Egypt,2021-05,1522030,14595,6,792994644
Egypt,2021-06,1796383,17233,7,1136984197
Egypt,2021-07,1163262,11155,8,1060429251
Egypt,2021-08,3352992,32161,9,1201442306
Egypt,2021-09,7414909,71121,10,969014866
Egypt,2021-10,11142756,106873,11,805830936
Egypt,2021-11,6019685,57739,12,582593278
El Salvador,2021-02,17248,2646,3,170467452
El Salvador,2021-03,62359,9565,4,340529467
El Salvador,2021-04,724426,111134,5,533501731
El Salvador,2021-05,1045927,160455,6,792994644
El Salvador,2021-06,883280,135504,7,1136984197
El Salvador,2021-07,1435262,220183,8,1060429251
El Salvador,2021-08,1952409,299521,9,1201442306
El Salvador,2021-09,1306505,200432,10,969014866
El Salvador,2021-10,1080511,165758,11,805830936
El Salvador,2021-11,375930,57671,12,582593278
England,2021-01,5600174,99030,2,93138028
England,2021-02,9377418,165826,3,170467452
England,2021-03,11861175,209749,4,340529467
England,2021-04,11288945,199627,5,533501731
England,2021-05,13772946,243555,6,792994644
England,2021-06,10944914,193546,7,1136984197
England,2021-07,6125773,108323,8,1060429251
England,2021-08,5096515,90125,9,1201442306
England,2021-09,2708199,47887,10,969014866
England,2021-10,7627799,134887,11,805830936
England,2021-11,6279654,111046,12,582593278
Equatorial Guinea,2021-03,6540,4516,4,340529467
Equatorial Guinea,2021-04,61159,42183,5,533501731
Equatorial Guinea,2021-05,144362,99575,6,792994644
Equatorial Guinea,2021-06,45652,31484,7,1136984197
Equatorial Guinea,2021-07,42177,29091,8,1060429251
Equatorial Guinea,2021-08,41141,28376,9,1201442306
Equatorial Guinea,2021-09,46216,31875,10,969014866
Equatorial Guinea,2021-10,37037,25543,11,805830936
Equatorial Guinea,2021-11,11379,7850,12,582593278
Estonia,2020-12,1797,1356,1,8698776
Estonia,2021-01,32921,24842,2,93138028
Estonia,2021-02,69831,52700,3,170467452
Estonia,2021-03,152422,115016,4,340529467
Estonia,2021-04,171867,129694,5,533501731
Estonia,2021-05,257503,194312,6,792994644
Estonia,2021-06,247992,187139,7,1136984197
Estonia,2021-07,185730,140153,8,1060429251
Estonia,2021-08,140474,106001,9,1201442306
Estonia,2021-09,101323,76457,10,969014866
Estonia,2021-10,65614,49510,11,805830936
Estonia,2021-11,36409,27475,12,582593278
Eswatini,2021-03,3377,2880,4,340529467
Eswatini,2021-04,41593,35475,5,533501731
Eswatini,2021-05,3698,3156,6,792994644
Eswatini,2021-06,8781,7501,7,1136984197
Eswatini,2021-07,18763,16002,8,1060429251
Eswatini,2021-08,133352,113745,9,1201442306
Eswatini,2021-09,45802,39066,10,969014866
Eswatini,2021-10,29591,25242,11,805830936
Eswatini,2021-11,12839,10950,12,582593278
Ethiopia,2021-04,702046,5953,5,533501731
Ethiopia,2021-05,744002,6311,6,792994644
Ethiopia,2021-06,218302,1855,7,1136984197
Ethiopia,2021-07,198310,1681,8,1060429251
Ethiopia,2021-08,230365,1955,9,1201442306
Ethiopia,2021-09,1154701,9795,10,969014866
Ethiopia,2021-10,989823,8397,11,805830936
Ethiopia,2021-11,518964,4402,12,582593278
Faeroe Islands,2021-01,166,3384,2,93138028
Faeroe Islands,2021-02,2700,55042,3,170467452
Faeroe Islands,2021-03,3616,73719,4,340529467
Faeroe Islands,2021-04,8872,180870,5,533501731
Faeroe Islands,2021-05,12760,260127,6,792994644
Faeroe Islands,2021-06,14680,299271,7,1136984197
Faeroe Islands,2021-07,16872,343954,8,1060429251
Faeroe Islands,2021-08,7423,151326,9,1201442306
Faeroe Islands,2021-09,3326,67803,10,969014866
Faeroe Islands,2021-10,2974,60631,11,805830936
Faeroe Islands,2021-11,787,16044,12,582593278
Falkland Islands,2021-02,2341,663545,3,170467452
Falkland Islands,2021-03,786,222783,4,340529467
Falkland Islands,2021-04,1806,511908,5,533501731
Fiji,2021-03,3262,3612,4,340529467
Fiji,2021-04,65783,72853,5,533501731
Fiji,2021-05,52874,58555,6,792994644
Fiji,2021-06,189315,209675,7,1136984197
Fiji,2021-07,245349,271736,8,1060429251
Fiji,2021-08,251905,278994,9,1201442306
Fiji,2021-09,203229,225085,10,969014866
Fiji,2021-10,164981,182725,11,805830936
Fiji,2021-11,27714,30695,12,582593278
Finland,2021-01,138312,24930,2,93138028
Finland,2021-02,265637,47876,3,170467452
Finland,2021-03,521898,94065,4,340529467
Finland,2021-04,805408,145161,5,533501731
Finland,2021-05,1149885,207246,6,792994644
Finland,2021-06,1335570,240717,7,1136984197
Finland,2021-07,1262236,227495,8,1060429251
Finland,2021-08,1259894,227073,9,1201442306
Finland,2021-09,786554,141761,10,969014866
Finland,2021-10,529560,95443,11,805830936
Finland,2021-11,179576,32365,12,582593278
France,2020-12,1597,24,1,8698776
France,2021-01,1516296,22441,2,93138028
France,2021-02,2899561,42915,3,170467452
France,2021-03,6439023,95303,4,340529467
France,2021-04,10086841,149292,5,533501731
France,2021-05,14883066,220278,6,792994644
France,2021-06,17286895,255857,7,1136984197
France,2021-07,19156562,283531,8,1060429251
France,2021-08,14776370,218703,9,1201442306
France,2021-09,7585544,112273,10,969014866
France,2021-10,4299493,63635,11,805830936
France,2021-11,2642857,39117,12,582593278
French Polynesia,2021-02,7012,24821,3,170467452
French Polynesia,2021-03,19706,69745,4,340529467
French Polynesia,2021-04,33738,119413,5,533501731
French Polynesia,2021-05,36818,130316,6,792994644
French Polynesia,2021-06,31887,112860,7,1136984197
French Polynesia,2021-07,24721,87495,8,1060429251
French Polynesia,2021-08,70004,247773,9,1201442306
French Polynesia,2021-09,63809,225847,10,969014866
French Polynesia,2021-10,14740,52172,11,805830936
French Polynesia,2021-11,7026,24865,12,582593278
Gabon,2021-03,297,126,4,340529467
Gabon,2021-04,9713,4262,5,533501731
Gabon,2021-05,12037,5276,6,792994644
Gabon,2021-06,31634,13880,7,1136984197
Gabon,2021-07,38816,17033,8,1060429251
Gabon,2021-08,43615,19138,9,1201442306
Gabon,2021-09,43200,18954,10,969014866
Gabon,2021-10,43789,19216,11,805830936
Gabon,2021-11,28704,12598,12,582593278
Gambia,2021-03,6640,2671,4,340529467
Gambia,2021-04,16136,6486,5,533501731
Gambia,2021-05,6709,2701,6,792994644
Gambia,2021-06,13522,5435,7,1136984197
Gambia,2021-07,48394,19466,8,1060429251
Gambia,2021-08,103283,41541,9,1201442306
Gambia,2021-09,14454,5812,10,969014866
Gambia,2021-10,53137,21371,11,805830936
Gambia,2021-11,6075,2441,12,582593278
Georgia,2021-03,6056,1516,4,340529467
Georgia,2021-04,35326,8875,5,533501731
Georgia,2021-05,88816,22316,6,792994644
Georgia,2021-06,124061,31174,7,1136984197
Georgia,2021-07,193019,48499,8,1060429251
Georgia,2021-08,695142,174670,9,1201442306
Georgia,2021-09,617972,155279,10,969014866
Georgia,2021-10,203266,51073,11,805830936
Georgia,2021-11,104181,26177,12,582593278
Germany,2020-12,142595,1699,1,8698776
Germany,2021-01,2221658,26479,2,93138028
Germany,2021-02,3580145,42670,3,170467452
Germany,2021-03,7435245,88621,4,340529467
Germany,2021-04,13976399,166584,5,533501731
Germany,2021-05,21810220,259956,6,792994644
Germany,2021-06,24242708,288944,7,1136984197
Germany,2021-07,18191193,216820,8,1060429251
Germany,2021-08,10064075,119952,9,1201442306
Germany,2021-09,5835217,69548,10,969014866
Germany,2021-10,4235543,50486,11,805830936
Germany,2021-11,4251514,50672,12,582593278
Ghana,2021-03,615002,19385,4,340529467
Ghana,2021-04,318042,10024,5,533501731
Ghana,2021-05,218851,6886,6,792994644
Ghana,2021-06,181105,5705,7,1136984197
Ghana,2021-07,75388,2378,8,1060429251
Ghana,2021-08,173290,5456,9,1201442306
Ghana,2021-09,361616,11392,10,969014866
Ghana,2021-10,1107270,34893,11,805830936
Ghana,2021-11,336352,10603,12,582593278
Gibraltar,2021-01,14655,434985,2,93138028
Gibraltar,2021-02,22467,666857,3,170467452
Gibraltar,2021-03,24148,716750,4,340529467
Gibraltar,2021-04,10822,321213,5,533501731
Gibraltar,2021-05,7596,225459,6,792994644
Gibraltar,2021-06,964,28612,7,1136984197
Gibraltar,2021-07,359,10656,8,1060429251
Gibraltar,2021-08,399,11839,9,1201442306
Gibraltar,2021-09,690,20479,10,969014866
Gibraltar,2021-10,8862,263037,11,805830936
Gibraltar,2021-11,5708,169423,12,582593278
Greece,2020-12,1899,184,1,8698776
Greece,2021-01,233082,22473,2,93138028
Greece,2021-02,589308,56823,3,170467452
Greece,2021-03,796867,76838,4,340529467
Greece,2021-04,1335242,128751,5,533501731
Greece,2021-05,2425778,233905,6,792994644
Greece,2021-06,2728955,263138,7,1136984197
Greece,2021-07,2247042,216672,8,1060429251
Greece,2021-08,973123,93836,9,1201442306
Greece,2021-09,741001,71452,10,969014866
Greece,2021-10,570541,55015,11,805830936
Greece,2021-11,770460,74291,12,582593278
Greenland,2021-01,308,5416,2,93138028
Greenland,2021-02,2156,37912,3,170467452
Greenland,2021-03,3361,59099,4,340529467
Greenland,2021-04,5293,93075,5,533501731
Greenland,2021-05,7640,134347,6,792994644
Greenland,2021-06,15084,265241,7,1136984197
Greenland,2021-07,22898,402651,8,1060429251
Greenland,2021-08,12837,225732,9,1201442306
Greenland,2021-09,3697,65017,10,969014866
Greenland,2021-10,1489,26181,11,805830936
Greenland,2021-11,98,1723,12,582593278
Grenada,2021-02,2442,21610,3,170467452
Grenada,2021-03,7681,67969,4,340529467
Grenada,2021-04,4619,40874,5,533501731
Grenada,2021-05,10820,95739,6,792994644
Grenada,2021-06,6838,60503,7,1136984197
Grenada,2021-07,5029,44499,8,1060429251
Grenada,2021-08,5599,49540,9,1201442306
Grenada,2021-09,14141,125124,10,969014866
Grenada,2021-10,12274,108606,11,805830936
Grenada,2021-11,2315,20484,12,582593278
Guatemala,2021-02,2999,164,3,170467452
Guatemala,2021-03,97043,5316,4,340529467
Guatemala,2021-04,70567,3868,5,533501731
Guatemala,2021-05,297611,16306,6,792994644
Guatemala,2021-06,459391,25172,7,1136984197
Guatemala,2021-07,1025228,56175,8,1060429251
Guatemala,2021-08,2420979,132659,9,1201442306
Guatemala,2021-09,2402930,131670,10,969014866
Guatemala,2021-10,1729756,94783,11,805830936
Guatemala,2021-11,794267,43523,12,582593278
Guernsey,2021-01,4228,66703,2,93138028
Guernsey,2021-02,11551,182236,3,170467452
Guernsey,2021-03,13936,219856,4,340529467
Guernsey,2021-04,14582,230052,5,533501731
Guernsey,2021-05,14621,230671,6,792994644
Guernsey,2021-06,16127,254432,7,1136984197
Guernsey,2021-07,12222,192820,8,1060429251
Guernsey,2021-08,7256,114476,9,1201442306
Guernsey,2021-09,2514,39663,10,969014866
Guernsey,2021-10,1369,21600,11,805830936
Guernsey,2021-11,726,11454,12,582593278
Guinea,2021-04,81420,6031,5,533501731
Guinea,2021-05,188233,13945,6,792994644
Guinea,2021-06,223641,16568,7,1136984197
Guinea,2021-07,290285,21507,8,1060429251
Guinea,2021-08,301859,22367,9,1201442306
Guinea,2021-09,613177,45429,10,969014866
Guinea,2021-10,460576,34125,11,805830936
Guinea,2021-11,124610,9232,12,582593278
Guinea-Bissau,2021-05,9025,4484,6,792994644
Guinea-Bissau,2021-06,9154,4549,7,1136984197
Guinea-Bissau,2021-07,4848,2412,8,1060429251
Guinea-Bissau,2021-08,14056,6974,9,1201442306
Guinea-Bissau,2021-09,61415,30472,10,969014866
Guinea-Bissau,2021-10,31523,15639,11,805830936
Guinea-Bissau,2021-11,183418,91004,12,582593278
Guyana,2021-02,3994,5053,3,170467452
Guyana,2021-03,24922,31532,4,340529467
Guyana,2021-04,100313,126923,5,533501731
Guyana,2021-05,127760,161652,6,792994644
Guyana,2021-06,81015,102508,7,1136984197
Guyana,2021-07,46183,58436,8,1060429251
Guyana,2021-08,85087,107660,9,1201442306
Guyana,2021-09,71266,90175,10,969014866
Guyana,2021-10,80828,102270,11,805830936
Guyana,2021-11,33271,42098,12,582593278
Haiti,2021-07,6053,526,8,1060429251
Haiti,2021-08,27523,2388,9,1201442306
Haiti,2021-09,34989,3034,10,969014866
Haiti,2021-10,57239,4957,11,805830936
Haiti,2021-11,14889,1289,12,582593278
Honduras,2021-03,46439,4608,4,340529467
Honduras,2021-04,37638,3737,5,533501731
Honduras,2021-05,173170,17205,6,792994644
Honduras,2021-06,476863,47387,7,1136984197
Honduras,2021-07,1075451,106873,8,1060429251
Honduras,2021-08,2181684,216808,9,1201442306
Honduras,2021-09,1445465,143643,10,969014866
Honduras,2021-10,1392542,138381,11,805830936
Honduras,2021-11,942993,93711,12,582593278
Hong Kong,2021-02,8795,1163,3,170467452
Hong Kong,2021-03,456602,60456,4,340529467
Hong Kong,2021-04,865907,114647,5,533501731
Hong Kong,2021-05,964849,127746,6,792994644
Hong Kong,2021-06,1268203,167911,7,1136984197
Hong Kong,2021-07,1904367,252138,8,1060429251
Hong Kong,2021-08,1942106,257138,9,1201442306
Hong Kong,2021-09,1189496,157492,10,969014866
Hong Kong,2021-10,420165,55632,11,805830936
Hong Kong,2021-11,213564,28277,12,582593278
Hungary,2020-12,18606,1932,1,8698776
Hungary,2021-01,221648,23011,2,93138028
Hungary,2021-02,562382,58374,3,170467452
Hungary,2021-03,1849125,191931,4,340529467
Hungary,2021-04,2918172,302899,5,533501731
Hungary,2021-05,3036412,315171,6,792994644
Hungary,2021-06,1208473,125427,7,1136984197
Hungary,2021-07,771280,80042,8,1060429251
Hungary,2021-08,771280,80042,9,1201442306
Hungary,2021-09,743617,77172,10,969014866
Hungary,2021-10,597359,62007,11,805830936
Hungary,2021-11,433443,44989,12,582593278
Iceland,2020-12,63,183,1,8698776
Iceland,2021-01,10993,32005,2,93138028
Iceland,2021-02,14940,43509,3,170467452
Iceland,2021-03,34380,100129,4,340529467
Iceland,2021-04,59542,173413,5,533501731
Iceland,2021-05,121582,354092,6,792994644
Iceland,2021-06,143681,418457,7,1136984197
Iceland,2021-07,79950,232847,8,1060429251
Iceland,2021-08,56329,164051,9,1201442306
Iceland,2021-09,26952,78492,10,969014866
Iceland,2021-10,17787,51803,11,805830936
Iceland,2021-11,20553,59857,12,582593278
India,2021-01,3379485,2427,2,93138028
India,2021-02,10103631,7250,3,170467452
India,2021-03,47519159,34104,4,340529467
India,2021-04,84035890,60308,5,533501731
India,2021-05,58936437,42299,6,792994644
India,2021-06,113298089,81307,7,1136984197
India,2021-07,134400232,96453,8,1060429251
India,2021-08,171716830,123235,9,1201442306
India,2021-09,243332341,174631,10,969014866
India,2021-10,177588227,127447,11,805830936
India,2021-11,97682413,70104,12,582593278
Indonesia,2021-01,400225,1450,2,93138028
Indonesia,2021-02,1971942,7136,3,170467452
Indonesia,2021-03,8448417,30568,4,340529467
Indonesia,2021-04,8449202,30574,5,533501731
Indonesia,2021-05,7206903,26079,6,792994644
Indonesia,2021-06,13683999,49514,7,1136984197
Indonesia,2021-07,24834708,89862,8,1060429251
Indonesia,2021-08,30615735,110783,9,1201442306
Indonesia,2021-09,41283532,149379,10,969014866
Indonesia,2021-10,50867203,184061,11,805830936
Indonesia,2021-11,30437879,110139,12,582593278
Iran,2021-02,46460,547,3,170467452
Iran,2021-03,280275,3301,4,340529467
Iran,2021-04,580968,6829,5,533501731
Iran,2021-05,2616431,30770,6,792994644
Iran,2021-06,2007371,23606,7,1136984197
Iran,2021-07,5281766,62114,8,1060429251
Iran,2021-08,14802370,174086,9,1201442306
Iran,2021-09,26108677,307056,10,969014866
Iran,2021-10,32636043,383825,11,805830936
Iran,2021-11,11997498,141100,12,582593278
Iraq,2021-03,32976,795,4,340529467
Iraq,2021-04,302717,7351,5,533501731
Iraq,2021-05,242850,5898,6,792994644
Iraq,2021-06,361530,8778,7,1136984197
Iraq,2021-07,898063,21804,8,1060429251
Iraq,2021-08,1435935,34865,9,1201442306
Iraq,2021-09,4378016,106318,10,969014866
Iraq,2021-10,1588534,38577,11,805830936
Iraq,2021-11,1274965,30959,12,582593278
Ireland,2020-12,1326,266,1,8698776
Ireland,2021-01,179952,36112,2,93138028
Ireland,2021-02,251034,50380,3,170467452
Ireland,2021-03,430486,86394,4,340529467
Ireland,2021-04,697174,139915,5,533501731
Ireland,2021-05,1298496,260593,6,792994644
Ireland,2021-06,1406249,282215,7,1136984197
Ireland,2021-07,1582689,317625,8,1060429251
Ireland,2021-08,978030,196278,9,1201442306
Ireland,2021-09,394512,79173,10,969014866
Ireland,2021-10,304548,61119,11,805830936
Ireland,2021-11,287435,57683,12,582593278
Isle of Man,2021-01,2972,34797,2,93138028
Isle of Man,2021-02,13234,154947,3,170467452
Isle of Man,2021-03,28484,333498,4,340529467
Isle of Man,2021-04,23169,271264,5,533501731
Isle of Man,2021-05,17311,202680,6,792994644
Isle of Man,2021-06,14797,173247,7,1136984197
Isle of Man,2021-07,19702,230675,8,1060429251
Isle of Man,2021-08,4259,49863,9,1201442306
Isle of Man,2021-09,2296,26881,10,969014866
Isle of Man,2021-10,2788,32640,11,805830936
Isle of Man,2021-11,778,9111,12,582593278
Israel,2020-12,630341,67845,1,8698776
Israel,2021-01,3991160,429571,2,93138028
Israel,2021-02,3321849,357534,3,170467452
Israel,2021-03,2109893,227090,4,340529467
Israel,2021-04,455666,49043,5,533501731
Israel,2021-05,157947,17000,6,792994644
Israel,2021-06,143711,15468,7,1136984197
Israel,2021-07,409288,44052,8,1060429251
Israel,2021-08,2305757,248174,9,1201442306
Israel,2021-09,1558262,167719,10,969014866
Israel,2021-10,886935,95462,11,805830936
Israel,2021-11,149909,16133,12,582593278
Italy,2020-12,13616,226,1,8698776
Italy,2021-01,1794337,29726,2,93138028
Italy,2021-02,2292013,37968,3,170467452
Italy,2021-03,5639710,93421,4,340529467
Italy,2021-04,9194606,152312,5,533501731
Italy,2021-05,14970589,247994,6,792994644
Italy,2021-06,16557065,274272,7,1136984197
Italy,2021-07,16826326,278733,8,1060429251
Italy,2021-08,9882112,163698,9,1201442306
Italy,2021-09,7140046,118274,10,969014866
Italy,2021-10,5155826,85408,11,805830936
Italy,2021-11,3335805,55259,12,582593278
Jamaica,2021-03,44065,14819,4,340529467
Jamaica,2021-04,106639,35867,5,533501731
Jamaica,2021-05,32814,11039,6,792994644
Jamaica,2021-06,79010,26569,7,1136984197
Jamaica,2021-07,70282,23639,8,1060429251
Jamaica,2021-08,187076,62917,9,1201442306
Jamaica,2021-09,231693,77919,10,969014866
Jamaica,2021-10,163495,54987,11,805830936
Jamaica,2021-11,150786,50711,12,582593278
Japan,2021-02,27678,220,3,170467452
Japan,2021-03,857027,6798,4,340529467
Japan,2021-04,2760231,21899,5,533501731
Japan,2021-05,10953516,86899,6,792994644
Japan,2021-06,32256132,255897,7,1136984197
Japan,2021-07,38578862,306056,8,1060429251
Japan,2021-08,41279074,327479,9,1201442306
Japan,2021-09,34404554,272940,10,969014866
Japan,2021-10,26524556,210428,11,805830936
Japan,2021-11,7103475,56354,12,582593278
Jersey,2021-03,16382,162079,4,340529467
Jersey,2021-04,25014,247484,5,533501731
Jersey,2021-05,22770,225282,6,792994644
Jersey,2021-06,15872,157035,7,1136984197
Jersey,2021-07,18794,185944,8,1060429251
Jersey,2021-08,6798,67262,9,1201442306
Jersey,2021-09,5195,51398,10,969014866
Jersey,2021-10,17446,172606,11,805830936
Jersey,2021-11,6769,66972,12,582593278
Jordan,2021-01,44428,4331,2,93138028
Jordan,2021-02,96326,9380,3,170467452
Jordan,2021-03,246874,24042,4,340529467
Jordan,2021-04,505098,49187,5,533501731
Jordan,2021-05,1004683,97838,6,792994644
Jordan,2021-06,1678254,163427,7,1136984197
Jordan,2021-07,1498108,145886,8,1060429251
Jordan,2021-08,1253312,122048,9,1201442306
Jordan,2021-09,622806,60650,10,969014866
Jordan,2021-10,489370,47655,11,805830936
Jordan,2021-11,277499,27020,12,582593278
Kazakhstan,2021-02,30774,1622,3,170467452
Kazakhstan,2021-03,202731,10674,4,340529467
Kazakhstan,2021-04,1064033,56015,5,533501731
Kazakhstan,2021-05,1800341,94781,6,792994644
Kazakhstan,2021-06,1923061,101241,7,1136984197
Kazakhstan,2021-07,3675444,193495,8,1060429251
Kazakhstan,2021-08,3114235,163953,9,1201442306
Kazakhstan,2021-09,2156204,113513,10,969014866
Kazakhstan,2021-10,1686791,88804,11,805830936
Kazakhstan,2021-11,789528,41565,12,582593278
Kenya,2021-03,121081,2205,4,340529467
Kenya,2021-04,715273,13010,5,533501731
Kenya,2021-05,130723,2380,6,792994644
Kenya,2021-06,326766,5941,7,1136984197
Kenya,2021-07,402632,7322,8,1060429251
Kenya,2021-08,1008839,18346,9,1201442306
Kenya,2021-09,942399,17138,10,969014866
Kenya,2021-10,1556487,28312,11,805830936
Kenya,2021-11,897028,16314,12,582593278
Kiribati,2021-06,5858,48256,7,1136984197
Kiribati,2021-07,6262,51584,8,1060429251
Kiribati,2021-08,6949,57251,9,1201442306
Kiribati,2021-09,17882,147316,10,969014866
Kiribati,2021-10,29989,247057,11,805830936
Kiribati,2021-11,5445,44850,12,582593278
Kosovo,2021-03,351,198,4,340529467
Kosovo,2021-04,26096,14645,5,533501731
Kosovo,2021-05,38029,21334,6,792994644
Kosovo,2021-06,101352,56872,7,1136984197
Kosovo,2021-07,222445,124820,8,1060429251
Kosovo,2021-08,402084,225622,9,1201442306
Kosovo,2021-09,495545,278065,10,969014866
Kosovo,2021-10,268376,150594,11,805830936
Kosovo,2021-11,42644,23929,12,582593278
Kuwait,2020-12,3363,777,1,8698776
Kuwait,2021-01,47347,10939,2,93138028
Kuwait,2021-02,213260,49263,3,170467452
Kuwait,2021-03,333588,77063,4,340529467
Kuwait,2021-04,487841,112698,5,533501731
Kuwait,2021-05,874342,201992,6,792994644
Kuwait,2021-06,347160,80190,7,1136984197
Kuwait,2021-07,243608,56289,8,1060429251
Kuwait,2021-08,97538,22540,9,1201442306
Kyrgyzstan,2021-03,216,33,4,340529467
Kyrgyzstan,2021-04,26066,3935,5,533501731
Kyrgyzstan,2021-05,65081,9822,6,792994644
Kyrgyzstan,2021-06,121618,18351,7,1136984197
Kyrgyzstan,2021-07,312694,47178,8,1060429251
Kyrgyzstan,2021-08,583473,88028,9,1201442306
Kyrgyzstan,2021-09,316726,47784,10,969014866
Kyrgyzstan,2021-10,285884,43130,11,805830936
Kyrgyzstan,2021-11,185655,28011,12,582593278
Laos,2021-03,47558,6440,4,340529467
Laos,2021-04,136519,18495,5,533501731
Laos,2021-05,584367,79187,6,792994644
Laos,2021-06,609182,82550,7,1136984197
Laos,2021-07,583918,79129,8,1060429251
Laos,2021-08,2117665,286976,9,1201442306
Laos,2021-09,247378,33523,10,969014866
Latvia,2020-12,983,531,1,8698776
Latvia,2021-01,21443,11485,2,93138028
Latvia,2021-02,35522,19024,3,170467452
Latvia,2021-03,74592,39954,4,340529467
Latvia,2021-04,156762,83968,5,533501731
Latvia,2021-05,435474,233256,6,792994644
Latvia,2021-06,362782,194319,7,1136984197
Latvia,2021-07,217654,116583,8,1060429251
Latvia,2021-08,157951,84606,9,1201442306
Latvia,2021-09,154315,82659,10,969014866
Latvia,2021-10,302992,162293,11,805830936
Latvia,2021-11,191797,102734,12,582593278
Lebanon,2021-02,31966,4722,3,170467452
Lebanon,2021-03,162055,23939,4,340529467
Lebanon,2021-04,246095,36356,5,533501731
Lebanon,2021-05,295226,43614,6,792994644
Lebanon,2021-06,537005,79332,7,1136984197
Lebanon,2021-07,621499,91817,8,1060429251
Lebanon,2021-08,517984,76522,9,1201442306
Lebanon,2021-09,440766,65116,10,969014866
Lebanon,2021-10,426781,63048,11,805830936
Lebanon,2021-11,201909,29827,12,582593278
Lesotho,2021-03,9020,4180,4,340529467
Lesotho,2021-04,14860,6882,5,533501731
Lesotho,2021-05,17151,7933,6,792994644
Lesotho,2021-06,13050,6030,7,1136984197
Lesotho,2021-07,22200,10283,8,1060429251
Lesotho,2021-08,103649,48004,9,1201442306
Lesotho,2021-09,175178,81132,10,969014866
Lesotho,2021-10,23123,10711,11,805830936
Liberia,2021-05,24677,4763,6,792994644
Liberia,2021-06,24533,4736,7,1136984197
Liberia,2021-07,5361,1034,8,1060429251
Liberia,2021-08,3534,682,9,1201442306
Liberia,2021-09,3420,660,10,969014866
Liberia,2021-10,312329,60291,11,805830936
Liberia,2021-11,156385,30193,12,582593278
Libya,2021-04,59800,8593,5,533501731
Libya,2021-05,172159,24740,6,792994644
Libya,2021-06,157377,22616,7,1136984197
Libya,2021-07,186157,26753,8,1060429251
Libya,2021-08,502946,72279,9,1201442306
Libya,2021-09,507245,72894,10,969014866
Libya,2021-10,345276,49619,11,805830936
Libya,2021-11,236506,33986,12,582593278
Liechtenstein,2020-12,0,0,1,8698776
Liechtenstein,2021-01,675,17644,2,93138028
Liechtenstein,2021-02,1713,44781,3,170467452
Liechtenstein,2021-03,3265,85354,4,340529467
Liechtenstein,2021-04,6392,167090,5,533501731
Liechtenstein,2021-05,8857,231531,6,792994644
Liechtenstein,2021-06,10708,279922,7,1136984197
Liechtenstein,2021-07,7608,198885,8,1060429251
Liechtenstein,2021-08,3829,100096,9,1201442306
Liechtenstein,2021-09,3739,97739,10,969014866
Liechtenstein,2021-10,1855,48493,11,805830936
Liechtenstein,2021-11,897,23449,12,582593278
Lithuania,2020-12,9955,3702,1,8698776
Lithuania,2021-01,79000,29368,2,93138028
Lithuania,2021-02,140238,52138,3,170467452
Lithuania,2021-03,263065,97798,4,340529467
Lithuania,2021-04,431182,160298,5,533501731
Lithuania,2021-05,648490,241086,6,792994644
Lithuania,2021-06,620289,230601,7,1136984197
Lithuania,2021-07,352456,131030,8,1060429251
Lithuania,2021-08,432253,160696,9,1201442306
Lithuania,2021-09,233031,86633,10,969014866
Lithuania,2021-10,175646,65299,11,805830936
Lithuania,2021-11,156044,58014,12,582593278
Luxembourg,2020-12,1019,1605,1,8698776
Luxembourg,2021-01,10491,16524,2,93138028
Luxembourg,2021-02,24620,38782,3,170467452
Luxembourg,2021-03,52964,83431,4,340529467
Luxembourg,2021-04,96426,151897,5,533501731
Luxembourg,2021-05,154205,242916,6,792994644
Luxembourg,2021-06,192394,303070,7,1136984197
Luxembourg,2021-07,166846,262826,8,1060429251
Luxembourg,2021-08,62419,98323,9,1201442306
Luxembourg,2021-09,25405,40021,10,969014866
Luxembourg,2021-10,40199,63324,11,805830936
Luxembourg,2021-11,28055,44193,12,582593278
Macao,2021-02,11166,16959,3,170467452
Macao,2021-03,36344,55200,4,340529467
Macao,2021-04,51710,78542,5,533501731
Macao,2021-05,65501,99487,6,792994644
Macao,2021-06,162277,246473,7,1136984197
Macao,2021-07,171208,260036,8,1060429251
Macao,2021-08,96751,146951,9,1201442306
Macao,2021-09,70162,106567,10,969014866
Macao,2021-10,135668,206060,11,805830936
Macao,2021-11,12556,19072,12,582593278
Madagascar,2021-05,28924,1015,6,792994644
Madagascar,2021-06,169382,5960,7,1136984197
Madagascar,2021-07,36627,1281,8,1060429251
Madagascar,2021-08,38130,1333,9,1201442306
Madagascar,2021-09,152693,5370,10,969014866
Madagascar,2021-10,152729,5363,11,805830936
Madagascar,2021-11,25164,882,12,582593278
Malawi,2021-03,116365,5921,4,340529467
Malawi,2021-04,174247,8869,5,533501731
Malawi,2021-05,69015,3511,6,792994644
Malawi,2021-06,76857,3912,7,1136984197
Malawi,2021-07,80433,4091,8,1060429251
Malawi,2021-08,361724,18411,9,1201442306
Malawi,2021-09,165204,8407,10,969014866
Malawi,2021-10,182295,9278,11,805830936
Malawi,2021-11,89063,4534,12,582593278
Malaysia,2021-02,12281,375,3,170467452
Malaysia,2021-03,586659,17898,4,340529467
Malaysia,2021-04,756253,23073,5,533501731
Malaysia,2021-05,1418575,43283,6,792994644
Malaysia,2021-06,4767520,145454,7,1136984197
Malaysia,2021-07,11729340,357861,8,1060429251
Malaysia,2021-08,14889929,454293,9,1201442306
Malaysia,2021-09,9289249,283414,10,969014866
Malaysia,2021-10,6067202,185111,11,805830936
Malaysia,2021-11,1767125,53914,12,582593278
Maldives,2021-02,98454,181109,3,170467452
Maldives,2021-03,136277,250686,4,340529467
Maldives,2021-04,153832,282974,5,533501731
Maldives,2021-05,87613,161165,6,792994644
Maldives,2021-06,31562,58061,7,1136984197
Maldives,2021-07,80230,147586,8,1060429251
Maldives,2021-08,98791,181730,9,1201442306
Maldives,2021-09,45081,82927,10,969014866
Maldives,2021-10,21899,40284,11,805830936
Maldives,2021-11,6654,12240,12,582593278
Mali,2021-03,214,10,4,340529467
Mali,2021-04,54631,2618,5,533501731
Mali,2021-05,63213,3034,6,792994644
Mali,2021-06,65805,3158,7,1136984197
Mali,2021-07,21376,1026,8,1060429251
Mali,2021-08,95319,4573,9,1201442306
Mali,2021-09,106402,5102,10,969014866
Mali,2021-10,182236,8736,11,805830936
Mali,2021-11,2952,141,12,582593278
Malta,2021-01,16641,32243,2,93138028
Malta,2021-02,48842,94636,3,170467452
Malta,2021-03,108045,209350,4,340529467
Malta,2021-04,141529,274227,5,533501731
Malta,2021-05,184349,357197,6,792994644
Malta,2021-06,149751,290158,7,1136984197
Malta,2021-07,95355,184758,8,1060429251
Malta,2021-08,42976,83269,9,1201442306
Malta,2021-09,23811,46134,10,969014866
Malta,2021-10,56018,108545,11,805830936
Malta,2021-11,39763,77044,12,582593278
Mauritania,2021-03,1140,240,4,340529467
Mauritania,2021-04,10282,2152,5,533501731
Mauritania,2021-05,21691,4543,6,792994644
Mauritania,2021-06,120637,25264,7,1136984197
Mauritania,2021-07,42107,8817,8,1060429251
Mauritania,2021-08,65502,13716,9,1201442306
Mauritania,2021-09,811101,169863,10,969014866
Mauritania,2021-10,456270,95556,11,805830936
Mauritania,2021-11,177501,37173,12,582593278
Mauritius,2021-01,180,144,2,93138028
Mauritius,2021-02,29690,23314,3,170467452
Mauritius,2021-03,95969,75365,4,340529467
Mauritius,2021-04,63270,49680,5,533501731
Mauritius,2021-05,183346,143976,6,792994644
Mauritius,2021-06,367022,288215,7,1136984197
Mauritius,2021-07,434491,341198,8,1060429251
Mauritius,2021-08,351973,276400,9,1201442306
Mauritius,2021-09,121608,95497,10,969014866
Mauritius,2021-10,100796,79155,11,805830936
Mauritius,2021-11,33535,26334,12,582593278
Mexico,2020-12,16059,123,1,8698776
Mexico,2021-01,645529,4958,2,93138028
Mexico,2021-02,1430932,10986,3,170467452
Mexico,2021-03,4849879,37229,4,340529467
Mexico,2021-04,10170784,78080,5,533501731
Mexico,2021-05,11890418,91281,6,792994644
Mexico,2021-06,15173302,116483,7,1136984197
Mexico,2021-07,19175029,147204,8,1060429251
Mexico,2021-08,20355421,156264,9,1201442306
Mexico,2021-09,15909914,122135,10,969014866
Mexico,2021-10,20419186,156754,11,805830936
Mexico,2021-11,10120576,77694,12,582593278
Moldova,2021-03,32552,8090,4,340529467
Moldova,2021-04,98643,24512,5,533501731
Moldova,2021-05,256141,63652,6,792994644
Moldova,2021-06,304633,75703,7,1136984197
Moldova,2021-07,310128,77070,8,1060429251
Moldova,2021-08,216651,53838,9,1201442306
Moldova,2021-09,168621,41901,10,969014866
Moldova,2021-10,118031,29333,11,805830936
Moldova,2021-11,71985,17888,12,582593278
Monaco,2020-12,126,3188,1,8698776
Monaco,2021-01,5586,141340,2,93138028
Monaco,2021-02,8232,208292,3,170467452
Monaco,2021-03,6093,154175,4,340529467
Monaco,2021-04,5263,133173,5,533501731
Monaco,2021-05,5418,137097,6,792994644
Monaco,2021-06,6831,172845,7,1136984197
Monaco,2021-07,5101,129075,8,1060429251
Monaco,2021-08,5844,147875,9,1201442306
Monaco,2021-09,1578,39930,10,969014866
Mongolia,2021-02,6991,2098,3,170467452
Mongolia,2021-03,275790,82838,4,340529467
Mongolia,2021-04,728047,218682,5,533501731
Mongolia,2021-05,1952796,586554,6,792994644
Mongolia,2021-06,742943,223153,7,1136984197
Mongolia,2021-07,418427,125681,8,1060429251
Mongolia,2021-08,197771,59405,9,1201442306
Mongolia,2021-09,58896,17690,10,969014866
Mongolia,2021-10,15861,4763,11,805830936
Mongolia,2021-11,9531,2864,12,582593278
Montenegro,2021-02,1701,2708,3,170467452
Montenegro,2021-03,16923,26945,4,340529467
Montenegro,2021-04,42394,67499,5,533501731
Montenegro,2021-05,130451,207706,6,792994644
Montenegro,2021-06,94756,150874,7,1136984197
Montenegro,2021-07,37417,59577,8,1060429251
Montenegro,2021-08,65524,104330,9,1201442306
Montenegro,2021-09,60094,95683,10,969014866
Montenegro,2021-10,49344,78569,11,805830936
Montenegro,2021-11,19528,31092,12,582593278
Montserrat,2021-02,809,162420,3,170467452
Montserrat,2021-03,810,162615,4,340529467
Montserrat,2021-04,520,104391,5,533501731
Montserrat,2021-05,496,99578,6,792994644
Montserrat,2021-06,126,25295,7,1136984197
Montserrat,2021-07,132,26504,8,1060429251
Montserrat,2021-08,56,11244,9,1201442306
Montserrat,2021-09,39,7836,10,969014866
Montserrat,2021-10,53,10644,11,805830936
Montserrat,2021-11,12,2412,12,582593278
Morocco,2021-01,132000,3535,2,93138028
Morocco,2021-02,3165883,84773,3,170467452
Morocco,2021-03,4533463,121396,4,340529467
Morocco,2021-04,1409464,37744,5,533501731
Morocco,2021-05,4551922,121886,6,792994644
Morocco,2021-06,5116279,137000,7,1136984197
Morocco,2021-07,4056528,108623,8,1060429251
Morocco,2021-08,9852683,263829,9,1201442306
Morocco,2021-09,8125953,217594,10,969014866
Morocco,2021-10,6477467,173450,11,805830936
Morocco,2021-11,1142561,30594,12,582593278
Mozambique,2021-03,110396,3435,4,340529467
Mozambique,2021-04,179220,5580,5,533501731
Mozambique,2021-05,127648,3972,6,792994644
Mozambique,2021-06,63388,1973,7,1136984197
Mozambique,2021-07,238595,7413,8,1060429251
Mozambique,2021-08,1624987,50526,9,1201442306
Mozambique,2021-09,1341110,41695,10,969014866
Mozambique,2021-10,1310317,40738,11,805830936
Mozambique,2021-11,3381897,105149,12,582593278
Myanmar,2021-01,122233,2230,2,93138028
Myanmar,2021-02,567079,10347,3,170467452
Myanmar,2021-03,378882,6913,4,340529467
Myanmar,2021-04,1067118,19472,5,533501731
Myanmar,2021-05,1167799,21310,6,792994644
Myanmar,2021-06,241442,4414,7,1136984197
Myanmar,2021-07,1478138,26967,8,1060429251
Myanmar,2021-08,1939434,35386,9,1201442306
Myanmar,2021-09,4389694,80103,10,969014866
Myanmar,2021-10,8183346,149316,11,805830936
Myanmar,2021-11,3883132,70853,12,582593278
Namibia,2021-03,895,350,4,340529467
Namibia,2021-04,16430,6352,5,533501731
Namibia,2021-05,57368,22172,6,792994644
Namibia,2021-06,66624,25748,7,1136984197
Namibia,2021-07,62955,24335,8,1060429251
Namibia,2021-08,111158,42963,9,1201442306
Namibia,2021-09,105574,40804,10,969014866
Namibia,2021-10,151671,58621,11,805830936
Namibia,2021-11,51588,19937,12,582593278
Nauru,2021-04,2706,248875,5,533501731
Nauru,2021-05,5040,463533,6,792994644
Nauru,2021-06,1421,130691,7,1136984197
Nauru,2021-07,5936,545937,8,1060429251
Nauru,2021-08,80,7360,9,1201442306
Nepal,2021-01,94310,3180,2,93138028
Nepal,2021-02,586343,19755,3,170467452
Nepal,2021-03,1028880,34672,4,340529467
Nepal,2021-04,414210,13960,5,533501731
Nepal,2021-05,704802,23753,6,792994644
Nepal,2021-06,561939,18939,7,1136984197
Nepal,2021-07,1794727,60481,8,1060429251
Nepal,2021-08,4194541,141352,9,1201442306
Nepal,2021-09,3653337,123110,10,969014866
Nepal,2021-10,2570754,86630,11,805830936
Nepal,2021-11,867829,29244,12,582593278
Netherlands,2021-01,280861,16353,2,93138028
Netherlands,2021-02,968693,56409,3,170467452
Netherlands,2021-03,1267844,73831,4,340529467
Netherlands,2021-04,2754469,160395,5,533501731
Netherlands,2021-05,4042087,235372,6,792994644
Netherlands,2021-06,6037090,351544,7,1136984197
Netherlands,2021-07,5137403,299156,8,1060429251
Netherlands,2021-08,2409878,140329,9,1201442306
Netherlands,2021-09,660799,38480,10,969014866
Netherlands,2021-10,462519,26931,11,805830936
Netherlands,2021-11,327563,19075,12,582593278
New Caledonia,2021-02,4321,14989,3,170467452
New Caledonia,2021-03,21926,76076,4,340529467
New Caledonia,2021-04,33609,116608,5,533501731
New Caledonia,2021-05,28423,98617,6,792994644
New Caledonia,2021-06,20389,70743,7,1136984197
New Caledonia,2021-07,17040,59120,8,1060429251
New Caledonia,2021-08,22690,78727,9,1201442306
New Caledonia,2021-09,72668,252130,10,969014866
New Caledonia,2021-10,106553,369695,11,805830936
New Caledonia,2021-11,13078,45375,12,582593278
New Zealand,2021-02,3575,699,3,170467452
New Zealand,2021-03,55952,10922,4,340529467
New Zealand,2021-04,184561,36030,5,533501731
New Zealand,2021-05,369584,72148,6,792994644
New Zealand,2021-06,507755,99121,7,1136984197
New Zealand,2021-07,683696,133467,8,1060429251
New Zealand,2021-08,1478317,288586,9,1201442306
New Zealand,2021-09,1816364,354578,10,969014866
New Zealand,2021-10,1662272,324499,11,805830936
New Zealand,2021-11,515125,100558,12,582593278
Nicaragua,2021-03,42030,6270,4,340529467
Nicaragua,2021-04,104529,15596,5,533501731
Nicaragua,2021-05,56185,8378,6,792994644
Nicaragua,2021-06,132930,19830,7,1136984197
Nicaragua,2021-07,145870,21763,8,1060429251
Nicaragua,2021-08,171324,25565,9,1201442306
Nicaragua,2021-09,165690,24721,10,969014866
Nicaragua,2021-10,650156,97006,11,805830936
Nicaragua,2021-11,131500,19620,12,582593278
Niger,2021-03,204,9,4,340529467
Niger,2021-04,30460,1218,5,533501731
Niger,2021-05,131928,5252,6,792994644
Niger,2021-06,104281,4151,7,1136984197
Niger,2021-07,114483,4557,8,1060429251
Niger,2021-08,113007,4498,9,1201442306
Niger,2021-09,34572,1379,10,969014866
Niger,2021-10,369360,14697,11,805830936
Niger,2021-11,53791,2141,12,582593278
Nigeria,2021-03,523708,2473,4,340529467
Nigeria,2021-04,664445,3145,5,533501731
Nigeria,2021-05,797862,3774,6,792994644
Nigeria,2021-06,1335743,6315,7,1136984197
Nigeria,2021-07,635397,3009,8,1060429251
Nigeria,2021-08,289166,1376,9,1201442306
Nigeria,2021-09,2372545,11221,10,969014866
Nigeria,2021-10,1988513,9404,11,805830936
Nigeria,2021-11,547455,2588,12,582593278
Niue,2021-06,781,483888,7,1136984197
Niue,2021-07,1619,1003092,8,1060429251
Niue,2021-08,84,52044,9,1201442306
North Macedonia,2021-02,2268,1092,3,170467452
North Macedonia,2021-03,5537,2665,4,340529467
North Macedonia,2021-04,48451,23265,5,533501731
North Macedonia,2021-05,234626,112656,6,792994644
North Macedonia,2021-06,227574,109270,7,1136984197
North Macedonia,2021-07,351255,168658,8,1060429251
North Macedonia,2021-08,358926,172340,9,1201442306
North Macedonia,2021-09,274191,131651,10,969014866
North Macedonia,2021-10,96831,46494,11,805830936
North Macedonia,2021-11,57805,27757,12,582593278
Northern Cyprus,2021-01,22423,58668,2,93138028
Northern Cyprus,2021-02,39284,102788,3,170467452
Northern Cyprus,2021-03,40334,105535,4,340529467
Northern Cyprus,2021-04,13757,35996,5,533501731
Northern Cyprus,2021-05,19498,51009,6,792994644
Northern Cyprus,2021-06,62591,163756,7,1136984197
Northern Cyprus,2021-07,68292,178656,8,1060429251
Northern Cyprus,2021-08,98010,256414,9,1201442306
Northern Cyprus,2021-09,131156,343139,10,969014866
Northern Cyprus,2021-10,58384,152742,11,805830936
Northern Cyprus,2021-11,19751,51673,12,582593278
Northern Ireland,2021-01,150315,79282,2,93138028
Northern Ireland,2021-02,317074,167232,3,170467452
Northern Ireland,2021-03,328989,173516,4,340529467
Northern Ireland,2021-04,438662,231358,5,533501731
Northern Ireland,2021-05,392255,206887,6,792994644
Northern Ireland,2021-06,319140,168319,7,1136984197
Northern Ireland,2021-07,224485,118401,8,1060429251
Northern Ireland,2021-08,203779,107479,9,1201442306
Northern Ireland,2021-09,77941,41107,10,969014866
Northern Ireland,2021-10,129525,68316,11,805830936
Northern Ireland,2021-11,205134,108194,12,582593278
Norway,2020-12,1070,197,1,8698776
Norway,2021-01,113898,20841,2,93138028
Norway,2021-02,359354,65748,3,170467452
Norway,2021-03,460185,84199,4,340529467
Norway,2021-04,716978,131177,5,533501731
Norway,2021-05,993485,181770,6,792994644
Norway,2021-06,1434383,262437,7,1136984197
Norway,2021-07,1233231,225635,8,1060429251
Norway,2021-08,1539029,281583,9,1201442306
Norway,2021-09,934300,170941,10,969014866
Norway,2021-10,158392,28981,11,805830936
Norway,2021-11,55162,10092,12,582593278
Oman,2020-12,4909,939,1,8698776
Oman,2021-01,34749,6653,2,93138028
Oman,2021-02,34721,6653,3,170467452
Oman,2021-03,67777,12972,4,340529467
Oman,2021-04,117510,22494,5,533501731
Oman,2021-05,165931,31761,6,792994644
Oman,2021-06,659843,126327,7,1136984197
Oman,2021-07,958671,183533,8,1060429251
Oman,2021-08,1603860,307055,9,1201442306
Oman,2021-09,1256547,240564,10,969014866
Oman,2021-10,820268,157040,11,805830936
Oman,2021-11,75528,14463,12,582593278
Pakistan,2021-02,135884,603,3,170467452
Pakistan,2021-03,594925,2652,4,340529467
Pakistan,2021-04,1365208,6064,5,533501731
Pakistan,2021-05,4279229,19004,6,792994644
Pakistan,2021-06,8555401,37992,7,1136984197
Pakistan,2021-07,12012616,53343,8,1060429251
Pakistan,2021-08,25895985,114992,9,1201442306
Pakistan,2021-09,27038270,120064,10,969014866
Pakistan,2021-10,23574591,104684,11,805830936
Pakistan,2021-11,16212607,71992,12,582593278
Palestine,2021-03,5124,981,4,340529467
Palestine,2021-04,207017,39639,5,533501731
Palestine,2021-05,234578,44914,6,792994644
Palestine,2021-06,319869,61243,7,1136984197
Palestine,2021-07,160930,30813,8,1060429251
Palestine,2021-08,286853,54926,9,1201442306
Palestine,2021-09,799899,153158,10,969014866
Palestine,2021-10,714498,136810,11,805830936
Palestine,2021-11,116438,22296,12,582593278
Panama,2021-01,13293,3034,2,93138028
Panama,2021-02,82305,18783,3,170467452
Panama,2021-03,262472,59901,4,340529467
Panama,2021-04,286776,65450,5,533501731
Panama,2021-05,379368,86583,6,792994644
Panama,2021-06,488512,111490,7,1136984197
Panama,2021-07,894966,204258,8,1060429251
Panama,2021-08,1860533,424624,9,1201442306
Panama,2021-09,867695,198032,10,969014866
Panama,2021-10,303837,69342,11,805830936
Panama,2021-11,98258,22427,12,582593278
Papua New Guinea,2021-03,14,2,4,340529467
Papua New Guinea,2021-04,1664,190,5,533501731
Papua New Guinea,2021-05,20623,2259,6,792994644
Papua New Guinea,2021-06,25852,2835,7,1136984197
Papua New Guinea,2021-07,38459,4221,8,1060429251
Papua New Guinea,2021-08,37892,4153,9,1201442306
Papua New Guinea,2021-09,41366,4532,10,969014866
Papua New Guinea,2021-10,135434,14852,11,805830936
Papua New Guinea,2021-11,25102,2751,12,582593278
Paraguay,2021-02,1947,270,3,170467452
Paraguay,2021-03,38638,5349,4,340529467
Paraguay,2021-04,74133,10267,5,533501731
Paraguay,2021-05,290497,40238,6,792994644
Paraguay,2021-06,482737,66864,7,1136984197
Paraguay,2021-07,1639995,227160,8,1060429251
Paraguay,2021-08,1474817,204280,9,1201442306
Paraguay,2021-09,539202,74686,10,969014866
Paraguay,2021-10,724888,100405,11,805830936
Paraguay,2021-11,580562,80413,12,582593278
Peru,2021-02,329884,9888,3,170467452
Peru,2021-03,701719,21033,4,340529467
Peru,2021-04,663538,19887,5,533501731
Peru,2021-05,2356250,70634,6,792994644
Peru,2021-06,3404391,102049,7,1136984197
Peru,2021-07,5609022,168139,8,1060429251
Peru,2021-08,5490730,164593,9,1201442306
Peru,2021-09,8326377,249595,10,969014866
Peru,2021-10,7753529,232425,11,805830936
Peru,2021-11,3545297,106277,12,582593278
Philippines,2021-03,684178,6162,4,340529467
Philippines,2021-04,1141689,10281,5,533501731
Philippines,2021-05,3112436,28028,6,792994644
Philippines,2021-06,5002594,45048,7,1136984197
Philippines,2021-07,8554512,77033,8,1060429251
Philippines,2021-08,14144599,127376,9,1201442306
Philippines,2021-09,11766689,105960,10,969014866
Philippines,2021-10,13539040,121922,11,805830936
Philippines,2021-11,12943110,116556,12,582593278
Pitcairn,2021-06,5,106385,7,1136984197
Pitcairn,2021-07,31,659587,8,1060429251
Pitcairn,2021-08,7,148939,9,1201442306
Pitcairn,2021-09,0,0,10,969014866
Poland,2020-12,36650,970,1,8698776
Poland,2021-01,1032456,27315,2,93138028
Poland,2021-02,2057431,54436,3,170467452
Poland,2021-03,2813739,74445,4,340529467
Poland,2021-04,4956900,131146,5,533501731
Poland,2021-05,8516819,225333,6,792994644
Poland,2021-06,9066817,239884,7,1136984197
Poland,2021-07,5642455,149285,8,1060429251
Poland,2021-08,2058398,54462,9,1201442306
Poland,2021-09,1031028,27278,10,969014866
Poland,2021-10,1739898,46036,11,805830936
Poland,2021-11,1300164,34396,12,582593278
Portugal,2020-12,25966,2553,1,8698776
Portugal,2021-01,296204,29130,2,93138028
Portugal,2021-02,511567,50312,3,170467452
Portugal,2021-03,858315,84409,4,340529467
Portugal,2021-04,1486719,146218,5,533501731
Portugal,2021-05,2411384,237160,6,792994644
Portugal,2021-06,2757240,271171,7,1136984197
Portugal,2021-07,3622229,356243,8,1060429251
Portugal,2021-08,2654234,261039,9,1201442306
Portugal,2021-09,1364429,134190,10,969014866
Portugal,2021-10,261109,25678,11,805830936
Portugal,2021-11,59061,5809,12,582593278
Qatar,2020-12,12159,4149,1,8698776
Qatar,2021-01,44398,15149,2,93138028
Qatar,2021-02,164489,56138,3,170467452
Qatar,2021-03,528007,180179,4,340529467
Qatar,2021-04,726809,248011,5,533501731
Qatar,2021-05,990611,338033,6,792994644
Qatar,2021-06,584039,199295,7,1136984197
Qatar,2021-07,681693,232618,8,1060429251
Qatar,2021-08,655207,223582,9,1201442306
Qatar,2021-09,316496,108001,10,969014866
Qatar,2021-10,125919,42967,11,805830936
Qatar,2021-11,69350,23667,12,582593278
Romania,2020-12,5905,309,1,8698776
Romania,2021-01,598078,31267,2,93138028
Romania,2021-02,879687,45993,3,170467452
Romania,2021-03,1434068,74976,4,340529467
Romania,2021-04,2083075,108905,5,533501731
Romania,2021-05,2668613,139514,6,792994644
Romania,2021-06,1225090,64045,7,1136984197
Romania,2021-07,468958,24517,8,1060429251
Romania,2021-08,380631,19899,9,1201442306
Romania,2021-09,362617,18957,10,969014866
Romania,2021-10,2270661,118712,11,805830936
Romania,2021-11,1601303,83716,12,582593278
Russia,2020-12,441571,3026,1,8698776
Russia,2021-01,1868071,12805,2,93138028
Russia,2021-02,2479064,16996,3,170467452
Russia,2021-03,5868032,40218,4,340529467
Russia,2021-04,8111630,55592,5,533501731
Russia,2021-05,9185739,62955,6,792994644
Russia,2021-06,10490530,71898,7,1136984197
Russia,2021-07,20973980,143744,8,1060429251
Russia,2021-08,19859200,136108,9,1201442306
Russia,2021-09,10301046,70598,10,969014866
Russia,2021-10,13182991,90343,11,805830936
Russia,2021-11,13757003,94282,12,582593278
Rwanda,2021-02,54210,4082,3,170467452
Rwanda,2021-03,307300,23146,4,340529467
Rwanda,2021-04,839,67,5,533501731
Rwanda,2021-05,173342,13064,6,792994644
Rwanda,2021-06,101166,7619,7,1136984197
Rwanda,2021-07,255143,19215,8,1060429251
Rwanda,2021-08,1155019,86992,9,1201442306
Rwanda,2021-09,1684502,126879,10,969014866
Rwanda,2021-10,1986230,149605,11,805830936
Rwanda,2021-11,1904586,143454,12,582593278
Saint Helena,2021-02,1875,307625,3,170467452
Saint Helena,2021-03,2879,472350,4,340529467
Saint Helena,2021-04,2479,406730,5,533501731
Saint Helena,2021-05,485,79575,6,792994644
Saint Kitts and Nevis,2021-02,1884,35184,3,170467452
Saint Kitts and Nevis,2021-03,7776,145218,4,340529467
Saint Kitts and Nevis,2021-04,3696,69029,5,533501731
Saint Kitts and Nevis,2021-05,13289,248176,6,792994644
Saint Kitts and Nevis,2021-06,14292,266910,7,1136984197
Saint Kitts and Nevis,2021-07,3440,64245,8,1060429251
Saint Kitts and Nevis,2021-08,2152,40190,9,1201442306
Saint Kitts and Nevis,2021-09,1914,35742,10,969014866
Saint Kitts and Nevis,2021-10,2659,49658,11,805830936
Saint Kitts and Nevis,2021-11,1024,19125,12,582593278
Saint Lucia,2021-02,1572,8520,3,170467452
Saint Lucia,2021-03,20433,110806,4,340529467
Saint Lucia,2021-04,2467,13377,5,533501731
Saint Lucia,2021-05,22178,120273,6,792994644
Saint Lucia,2021-06,6061,32867,7,1136984197
Saint Lucia,2021-07,4068,22060,8,1060429251
Saint Lucia,2021-08,7635,41406,9,1201442306
Saint Lucia,2021-09,12373,67097,10,969014866
Saint Lucia,2021-10,15101,81891,11,805830936
Saint Lucia,2021-11,6251,33897,12,582593278
Saint Vincent and the Grenadines,2021-03,2385,21434,4,340529467
Saint Vincent and the Grenadines,2021-04,3353,30141,5,533501731
Saint Vincent and the Grenadines,2021-05,6164,55394,6,792994644
Saint Vincent and the Grenadines,2021-06,4400,39546,7,1136984197
Saint Vincent and the Grenadines,2021-07,986,8863,8,1060429251
Saint Vincent and the Grenadines,2021-08,5328,47886,9,1201442306
Saint Vincent and the Grenadines,2021-09,2847,25586,10,969014866
Saint Vincent and the Grenadines,2021-10,9689,87076,11,805830936
Saint Vincent and the Grenadines,2021-11,6108,54893,12,582593278
Samoa,2021-05,24766,123744,6,792994644
Samoa,2021-06,22040,110121,7,1136984197
Samoa,2021-07,30894,154360,8,1060429251
Samoa,2021-08,47609,237874,9,1201442306
Samoa,2021-09,37221,185970,10,969014866
Samoa,2021-10,30156,150670,11,805830936
Samoa,2021-11,22862,114227,12,582593278
San Marino,2021-02,120,3528,3,170467452
San Marino,2021-03,11406,335370,4,340529467
San Marino,2021-04,16687,490652,5,533501731
San Marino,2021-05,14812,435516,6,792994644
San Marino,2021-06,1889,55541,7,1136984197
San Marino,2021-07,958,28170,8,1060429251
San Marino,2021-08,1102,32402,9,1201442306
San Marino,2021-09,532,15641,10,969014866
San Marino,2021-10,387,11378,11,805830936
San Marino,2021-11,152,4469,12,582593278
Sao Tome and Principe,2021-03,10268,45970,4,340529467
Sao Tome and Principe,2021-04,2690,12036,5,533501731
Sao Tome and Principe,2021-05,5088,22772,6,792994644
Sao Tome and Principe,2021-06,10908,48833,7,1136984197
Sao Tome and Principe,2021-07,16705,74784,8,1060429251
Sao Tome and Principe,2021-08,1802,8068,9,1201442306
Sao Tome and Principe,2021-09,41406,185376,10,969014866
Sao Tome and Principe,2021-10,21184,94842,11,805830936
Sao Tome and Principe,2021-11,1130,5060,12,582593278
Saudi Arabia,2021-01,329238,9318,2,93138028
Saudi Arabia,2021-02,273545,7740,3,170467452
Saudi Arabia,2021-03,3422474,96839,4,340529467
Saudi Arabia,2021-04,4558734,128995,5,533501731
Saudi Arabia,2021-05,5029785,142323,6,792994644
Saudi Arabia,2021-06,3681324,104165,7,1136984197
Saudi Arabia,2021-07,8436958,238735,8,1060429251
Saudi Arabia,2021-08,10307738,291668,9,1201442306
Saudi Arabia,2021-09,5620005,159022,10,969014866
Saudi Arabia,2021-10,3787146,107162,11,805830936
Saudi Arabia,2021-11,1348266,38151,12,582593278
Scotland,2021-01,397545,72730,2,93138028
Scotland,2021-02,1083953,198306,3,170467452
Scotland,2021-03,1141068,208753,4,340529467
Scotland,2021-04,1191350,217955,5,533501731
Scotland,2021-05,1272194,232746,6,792994644
Scotland,2021-06,1244155,227618,7,1136984197
Scotland,2021-07,696628,127446,8,1060429251
Scotland,2021-08,605843,110838,9,1201442306
Scotland,2021-09,260506,47659,10,969014866
Scotland,2021-10,862591,157808,11,805830936
Scotland,2021-11,660714,120877,12,582593278
Senegal,2021-02,21086,1227,3,170467452
Senegal,2021-03,221947,12906,4,340529467
Senegal,2021-04,169469,9853,5,533501731
Senegal,2021-05,112841,6561,6,792994644
Senegal,2021-06,149426,8690,7,1136984197
Senegal,2021-07,318528,18526,8,1060429251
Senegal,2021-08,735941,42796,9,1201442306
Senegal,2021-09,81316,4728,10,969014866
Senegal,2021-10,113265,6587,11,805830936
Serbia,2021-01,377796,54982,2,93138028
Serbia,2021-02,983400,143111,3,170467452
Serbia,2021-03,980214,142650,4,340529467
Serbia,2021-04,1016013,147860,5,533501731
Serbia,2021-05,1114546,162195,6,792994644
Serbia,2021-06,752035,109440,7,1136984197
Serbia,2021-07,281100,40908,8,1060429251
Serbia,2021-08,334747,48716,9,1201442306
Serbia,2021-09,595579,86676,10,969014866
Serbia,2021-10,618325,89984,11,805830936
Serbia,2021-11,497418,72389,12,582593278
Seychelles,2021-01,29236,295582,2,93138028
Seychelles,2021-02,47044,475627,3,170467452
Seychelles,2021-03,24501,247710,4,340529467
Seychelles,2021-04,25484,257649,5,533501731
Seychelles,2021-05,10539,106551,6,792994644
Seychelles,2021-06,3034,30674,7,1136984197
Seychelles,2021-07,3838,38808,8,1060429251
Seychelles,2021-08,3820,38622,9,1201442306
Seychelles,2021-09,6621,66938,10,969014866
Seychelles,2021-10,14662,148240,11,805830936
Seychelles,2021-11,6146,62137,12,582593278
Sierra Leone,2021-03,23110,2837,4,340529467
Sierra Leone,2021-04,38494,4728,5,533501731
Sierra Leone,2021-05,19131,2350,6,792994644
Sierra Leone,2021-06,29387,3609,7,1136984197
Sierra Leone,2021-07,43865,5394,8,1060429251
Sierra Leone,2021-08,44160,5429,9,1201442306
Sierra Leone,2021-09,39233,4818,10,969014866
Sierra Leone,2021-10,292092,35885,11,805830936
Sierra Leone,2021-11,154759,19011,12,582593278
Singapore,2021-01,132133,24231,2,93138028
Singapore,2021-02,341523,62624,3,170467452
Singapore,2021-03,820974,150540,4,340529467
Singapore,2021-04,1305663,239416,5,533501731
Singapore,2021-05,1319372,241929,6,792994644
Singapore,2021-06,1405948,257801,7,1136984197
Singapore,2021-07,2059096,377569,8,1060429251
Singapore,2021-08,1469160,269392,9,1201442306
Singapore,2021-09,485891,89096,10,969014866
Singapore,2021-10,740263,135740,11,805830936
Singapore,2021-11,8820,1618,12,582593278
Sint Maarten (Dutch part),2021-05,5201,119777,6,792994644
Sint Maarten (Dutch part),2021-06,9404,216574,7,1136984197
Sint Maarten (Dutch part),2021-07,6364,146567,8,1060429251
Sint Maarten (Dutch part),2021-08,3144,72407,9,1201442306
Sint Maarten (Dutch part),2021-09,1369,31529,10,969014866
Sint Maarten (Dutch part),2021-10,1153,26558,11,805830936
Sint Maarten (Dutch part),2021-11,430,9902,12,582593278
Slovakia,2021-01,144018,26372,2,93138028
Slovakia,2021-02,288103,52759,3,170467452
Slovakia,2021-03,504104,92315,4,340529467
Slovakia,2021-04,586792,107457,5,533501731
Slovakia,2021-05,987260,180790,6,792994644
Slovakia,2021-06,1050064,192295,7,1136984197
Slovakia,2021-07,672219,123101,8,1060429251
Slovakia,2021-08,335807,61497,9,1201442306
Slovakia,2021-09,152575,27941,10,969014866
Slovakia,2021-10,102750,18815,11,805830936
Slovakia,2021-11,72758,13324,12,582593278
Slovenia,2020-12,5615,2701,1,8698776
Slovenia,2021-01,68149,32781,2,93138028
Slovenia,2021-02,91080,43818,3,170467452
Slovenia,2021-03,184318,88672,4,340529467
Slovenia,2021-04,254916,122631,5,533501731
Slovenia,2021-05,449790,216380,6,792994644
Slovenia,2021-06,445761,214440,7,1136984197
Slovenia,2021-07,259222,124701,8,1060429251
Slovenia,2021-08,182390,87740,9,1201442306
Slovenia,2021-09,240372,115633,10,969014866
Slovenia,2021-10,119494,57482,11,805830936
Slovenia,2021-11,46968,22595,12,582593278
Solomon Islands,2021-03,1000,1424,4,340529467
Solomon Islands,2021-04,4885,6946,5,533501731
Solomon Islands,2021-05,8990,12772,6,792994644
Solomon Islands,2021-06,7200,10229,7,1136984197
Solomon Islands,2021-07,17199,24432,8,1060429251
Solomon Islands,2021-08,31039,44088,9,1201442306
Solomon Islands,2021-09,47895,68031,10,969014866
Solomon Islands,2021-10,39007,55409,11,805830936
Solomon Islands,2021-11,10704,15208,12,582593278
Somalia,2021-04,5200,312,5,533501731
Somalia,2021-05,8723,535,6,792994644
Somalia,2021-06,71682,4382,7,1136984197
Somalia,2021-07,71048,4349,8,1060429251
Somalia,2021-08,16282,1003,9,1201442306
Somalia,2021-09,182705,11168,10,969014866
Somalia,2021-10,188393,11517,11,805830936
Somalia,2021-11,201726,12330,12,582593278
South Africa,2021-02,55750,928,3,170467452
South Africa,2021-03,188903,3148,4,340529467
South Africa,2021-04,62674,1044,5,533501731
South Africa,2021-05,617787,10289,6,792994644
South Africa,2021-06,1850391,30818,7,1136984197
South Africa,2021-07,4240816,70634,8,1060429251
South Africa,2021-08,4989040,83092,9,1201442306
South Africa,2021-09,5060871,84290,10,969014866
South Africa,2021-10,4941337,82297,11,805830936
South Africa,2021-11,2114027,35210,12,582593278
South Korea,2021-02,2853,56,3,170467452
South Korea,2021-03,839517,16362,4,340529467
South Korea,2021-04,2047270,39902,5,533501731
South Korea,2021-05,4215660,82168,6,792994644
South Korea,2021-06,11923377,232399,7,1136984197
South Korea,2021-07,5318178,103660,8,1060429251
South Korea,2021-08,17570190,342461,9,1201442306
South Korea,2021-09,19399227,378115,10,969014866
South Korea,2021-10,15961695,311112,11,805830936
South Korea,2021-11,4912056,95741,12,582593278
South Sudan,2021-04,3238,284,5,533501731
South Sudan,2021-05,6097,539,6,792994644
South Sudan,2021-06,31816,2800,7,1136984197
South Sudan,2021-07,16161,1419,8,1060429251
South Sudan,2021-08,179,5,9,1201442306
South Sudan,2021-09,48979,4303,10,969014866
South Sudan,2021-10,25707,2257,11,805830936
South Sudan,2021-11,12445,1092,12,582593278
Spain,2021-01,1521408,32547,2,93138028
Spain,2021-02,2078004,44454,3,170467452
Spain,2021-03,3876126,82919,4,340529467
Spain,2021-04,8078675,172825,5,533501731
Spain,2021-05,10804081,231128,6,792994644
Spain,2021-06,13892796,297203,7,1136984197
Spain,2021-07,15375205,328915,8,1060429251
Spain,2021-08,9790718,209447,9,1201442306
Spain,2021-09,4598937,98385,10,969014866
Spain,2021-10,1847068,39513,11,805830936
Spain,2021-11,2312053,49461,12,582593278
Sri Lanka,2021-01,43916,2043,2,93138028
Sri Lanka,2021-02,409996,19072,3,170467452
Sri Lanka,2021-03,485767,22597,4,340529467
Sri Lanka,2021-04,45421,2116,5,533501731
Sri Lanka,2021-05,903600,42033,6,792994644
Sri Lanka,2021-06,1654160,76945,7,1136984197
Sri Lanka,2021-07,6751703,314073,8,1060429251
Sri Lanka,2021-08,8798115,409265,9,1201442306
Sri Lanka,2021-09,6938245,322749,10,969014866
Sri Lanka,2021-10,2552658,118744,11,805830936
Sri Lanka,2021-11,1031880,48003,12,582593278
Sudan,2021-03,34839,777,4,340529467
Sudan,2021-04,133948,2986,5,533501731
Sudan,2021-05,183900,4089,6,792994644
Sudan,2021-06,319136,7105,7,1136984197
Sudan,2021-07,149775,3327,8,1060429251
Sudan,2021-08,356968,7942,9,1201442306
Sudan,2021-09,367607,8184,10,969014866
Sudan,2021-10,103020,2300,11,805830936
Suriname,2021-02,2208,3732,3,170467452
Suriname,2021-03,21495,36326,4,340529467
Suriname,2021-04,15117,25544,5,533501731
Suriname,2021-05,43202,73004,6,792994644
Suriname,2021-06,110100,186045,7,1136984197
Suriname,2021-07,50041,84557,8,1060429251
Suriname,2021-08,86370,145943,9,1201442306
Suriname,2021-09,67544,114132,10,969014866
Suriname,2021-10,52149,88120,11,805830936
Suriname,2021-11,20573,34763,12,582593278
Sweden,2020-12,8032,792,1,8698776
Sweden,2021-01,297074,29241,2,93138028
Sweden,2021-02,501931,49400,3,170467452
Sweden,2021-03,860857,84728,4,340529467
Sweden,2021-04,1635453,160968,5,533501731
Sweden,2021-05,1976555,194539,6,792994644
Sweden,2021-06,2824854,278034,7,1136984197
Sweden,2021-07,2443367,240485,8,1060429251
Sweden,2021-08,2026483,199454,9,1201442306
Sweden,2021-09,1154672,113651,10,969014866
Sweden,2021-10,405339,39894,11,805830936
Sweden,2021-11,939060,92426,12,582593278
Switzerland,2020-12,3690,424,1,8698776
Switzerland,2021-01,272776,31297,2,93138028
Switzerland,2021-02,490574,56290,3,170467452
Switzerland,2021-03,705770,80975,4,340529467
Switzerland,2021-04,1171303,134396,5,533501731
Switzerland,2021-05,2165277,248439,6,792994644
Switzerland,2021-06,2563210,294100,7,1136984197
Switzerland,2021-07,1603636,183997,8,1060429251
Switzerland,2021-08,650568,74645,9,1201442306
Switzerland,2021-09,812564,93235,10,969014866
Switzerland,2021-10,671293,77025,11,805830936
Switzerland,2021-11,281235,32269,12,582593278
Syria,2021-03,1980,120,4,340529467
Syria,2021-04,9369,519,5,533501731
Syria,2021-05,20131,1105,6,792994644
Syria,2021-06,84661,4634,7,1136984197
Syria,2021-07,152459,8345,8,1060429251
Syria,2021-08,132264,7237,9,1201442306
Syria,2021-09,375656,20553,10,969014866
Syria,2021-10,274835,15032,11,805830936
Syria,2021-11,247784,13555,12,582593278
Taiwan,2021-03,15423,645,4,340529467
Taiwan,2021-04,38595,1618,5,533501731
Taiwan,2021-05,361525,15154,6,792994644
Taiwan,2021-06,1531501,64199,7,1136984197
Taiwan,2021-07,5585035,234128,8,1060429251
Taiwan,2021-08,3254214,136419,9,1201442306
Taiwan,2021-09,4080944,171072,10,969014866
Taiwan,2021-10,9096902,381342,11,805830936
Taiwan,2021-11,4245617,177976,12,582593278
Tajikistan,2021-05,19015,1948,6,792994644
Tajikistan,2021-06,138711,14228,7,1136984197
Tajikistan,2021-07,370661,38016,8,1060429251
Tajikistan,2021-08,2005000,205651,9,1201442306
Tajikistan,2021-09,1537680,157718,10,969014866
Tajikistan,2021-10,679973,69742,11,805830936
Tajikistan,2021-11,151895,15581,12,582593278
Tanzania,2021-08,237825,3866,9,1201442306
Tanzania,2021-09,316553,5147,10,969014866
Tanzania,2021-10,362068,5886,11,805830936
Thailand,2021-02,160,2,3,170467452
Thailand,2021-03,158001,2260,4,340529467
Thailand,2021-04,1133510,16202,5,533501731
Thailand,2021-05,2145207,30669,6,792994644
Thailand,2021-06,5832653,83382,7,1136984197
Thailand,2021-07,7486998,107033,8,1060429251
Thailand,2021-08,13869204,198270,9,1201442306
Thailand,2021-09,19208337,274597,10,969014866
Thailand,2021-10,23081519,329969,11,805830936
Thailand,2021-11,13345083,190780,12,582593278
Timor,2021-04,23552,17520,5,533501731
Timor,2021-05,49722,36999,6,792994644
Timor,2021-06,145504,108271,7,1136984197
Timor,2021-07,151644,112841,8,1060429251
Timor,2021-08,206150,153400,9,1201442306
Timor,2021-09,132789,98811,10,969014866
Timor,2021-10,199667,148576,11,805830936
Timor,2021-11,89591,66665,12,582593278
Togo,2021-03,61352,7237,4,340529467
Togo,2021-04,141598,16702,5,533501731
Togo,2021-05,107043,12617,6,792994644
Togo,2021-06,92297,10892,7,1136984197
Togo,2021-07,72685,8583,8,1060429251
Togo,2021-08,127176,14995,9,1201442306
Togo,2021-09,458773,54112,10,969014866
Togo,2021-10,316253,37300,11,805830936
Togo,2021-11,67382,7947,12,582593278
Tokelau,2021-06,207,151317,7,1136984197
Tokelau,2021-07,713,521203,8,1060429251
Tokelau,2021-08,332,242692,9,1201442306
Tokelau,2021-09,510,372810,10,969014866
Tokelau,2021-10,204,149124,11,805830936
Tonga,2021-04,4250,39810,5,533501731
Tonga,2021-05,13175,123411,6,792994644
Tonga,2021-06,11643,109059,7,1136984197
Tonga,2021-07,11074,103728,8,1060429251
Tonga,2021-08,22041,206452,9,1201442306
Tonga,2021-09,10759,100777,10,969014866
Tonga,2021-10,13604,127427,11,805830936
Tonga,2021-11,12650,118494,12,582593278
Trinidad and Tobago,2021-02,958,683,3,170467452
Trinidad and Tobago,2021-03,2977,2130,4,340529467
Trinidad and Tobago,2021-04,35564,25343,5,533501731
Trinidad and Tobago,2021-05,46127,32868,6,792994644
Trinidad and Tobago,2021-06,189681,135159,7,1136984197
Trinidad and Tobago,2021-07,277162,197498,8,1060429251
Trinidad and Tobago,2021-08,339403,241848,9,1201442306
Trinidad and Tobago,2021-09,161622,115167,10,969014866
Trinidad and Tobago,2021-10,162274,115630,11,805830936
Trinidad and Tobago,2021-11,49638,35372,12,582593278
Tunisia,2021-03,50721,4250,4,340529467
Tunisia,2021-04,295046,24718,5,533501731
Tunisia,2021-05,554673,46473,6,792994644
Tunisia,2021-06,866953,72636,7,1136984197
Tunisia,2021-07,975516,81731,8,1060429251
Tunisia,2021-08,2640787,221250,9,1201442306
Tunisia,2021-09,2427912,203415,10,969014866
Tunisia,2021-10,1324590,110977,11,805830936
Tunisia,2021-11,758045,63513,12,582593278
Turkey,2021-01,2421536,28476,2,93138028
Turkey,2021-02,6182720,72701,3,170467452
Turkey,2021-03,7024301,82597,4,340529467
Turkey,2021-04,6933243,81524,5,533501731
Turkey,2021-05,6912787,81286,6,792994644
Turkey,2021-06,19298109,226924,7,1136984197
Turkey,2021-07,22335027,262632,8,1060429251
Turkey,2021-08,22258470,261733,9,1201442306
Turkey,2021-09,15727413,184935,10,969014866
Turkey,2021-10,7591721,89268,11,805830936
Turkey,2021-11,2912140,34244,12,582593278
Turkmenistan,2021-03,1282439,209622,4,340529467
Turkmenistan,2021-04,1241070,202860,5,533501731
Turkmenistan,2021-05,1282439,209622,6,792994644
Turkmenistan,2021-06,1241070,202860,7,1136984197
Turkmenistan,2021-07,1282439,209622,8,1060429251
Turkmenistan,2021-08,1199701,196098,9,1201442306
Turks and Caicos Islands,2021-01,6552,167034,2,93138028
Turks and Caicos Islands,2021-02,8736,222712,3,170467452
Turks and Caicos Islands,2021-03,9562,243770,4,340529467
Turks and Caicos Islands,2021-04,3770,96105,5,533501731
Turks and Caicos Islands,2021-05,8204,209138,6,792994644
Turks and Caicos Islands,2021-06,6894,175744,7,1136984197
Turks and Caicos Islands,2021-07,4944,126040,8,1060429251
Turks and Caicos Islands,2021-08,2668,68005,9,1201442306
Turks and Caicos Islands,2021-09,2973,75790,10,969014866
Turks and Caicos Islands,2021-10,2447,62383,11,805830936
Turks and Caicos Islands,2021-11,345,8795,12,582593278
Tuvalu,2021-04,0,0,5,533501731
Tuvalu,2021-05,0,0,6,792994644
Tuvalu,2021-06,3051,255851,7,1136984197
Tuvalu,2021-07,1767,148180,8,1060429251
Tuvalu,2021-08,3474,291322,9,1201442306
Tuvalu,2021-09,687,57610,10,969014866
Tuvalu,2021-10,660,55352,11,805830936
Uganda,2021-03,71316,1513,4,340529467
Uganda,2021-04,242763,5152,5,533501731
Uganda,2021-05,286585,6087,6,792994644
Uganda,2021-06,264595,5611,7,1136984197
Uganda,2021-07,270676,5744,8,1060429251
Uganda,2021-08,250936,5326,9,1201442306
Uganda,2021-09,858420,18219,10,969014866
Uganda,2021-10,1032122,21901,11,805830936
Uganda,2021-11,980721,20812,12,582593278
Ukraine,2021-02,4365,100,3,170467452
Ukraine,2021-03,206711,4758,4,340529467
Ukraine,2021-04,397426,9141,5,533501731
Ukraine,2021-05,520932,11985,6,792994644
Ukraine,2021-06,1368143,31476,7,1136984197
Ukraine,2021-07,2727892,62758,8,1060429251
Ukraine,2021-08,3641204,83768,9,1201442306
Ukraine,2021-09,3536493,81359,10,969014866
Ukraine,2021-10,4637396,106686,11,805830936
Ukraine,2021-11,4760942,109531,12,582593278
United Arab Emirates,2021-01,2166612,216858,2,93138028
United Arab Emirates,2021-02,2923661,292628,3,170467452
United Arab Emirates,2021-03,2204574,220652,4,340529467
United Arab Emirates,2021-04,2338481,234057,5,533501731
United Arab Emirates,2021-05,2288193,229023,6,792994644
United Arab Emirates,2021-06,2420349,242251,7,1136984197
United Arab Emirates,2021-07,1556845,155824,8,1060429251
United Arab Emirates,2021-08,1360204,136142,9,1201442306
United Arab Emirates,2021-09,1915179,191689,10,969014866
United Arab Emirates,2021-10,1098044,109904,11,805830936
United Arab Emirates,2021-11,456009,45640,12,582593278
United Kingdom,2021-01,6442200,94450,2,93138028
United Kingdom,2021-02,11399941,167138,3,170467452
United Kingdom,2021-03,14168071,207721,4,340529467
United Kingdom,2021-04,13624879,199760,5,533501731
United Kingdom,2021-05,16137738,236595,6,792994644
United Kingdom,2021-06,13171897,193116,7,1136984197
United Kingdom,2021-07,7487935,109782,8,1060429251
United Kingdom,2021-08,6108628,89560,9,1201442306
United Kingdom,2021-09,3113584,45650,10,969014866
United Kingdom,2021-10,9125877,133795,11,805830936
United Kingdom,2021-11,7447484,109189,12,582593278
United States,2020-12,4114920,12236,1,8698776
United States,2021-01,29848785,88751,2,93138028
United States,2021-02,47490095,141204,3,170467452
United States,2021-03,80638268,239761,4,340529467
United States,2021-04,91191801,271141,5,533501731
United States,2021-05,56570546,168202,6,792994644
United States,2021-06,25445790,75657,7,1136984197
United States,2021-07,15892861,47257,8,1060429251
United States,2021-08,23402117,69582,9,1201442306
United States,2021-09,21446867,63768,10,969014866
United States,2021-10,27563145,81956,11,805830936
United States,2021-11,24646439,73280,12,582593278
Uruguay,2021-02,5,1,3,170467452
Uruguay,2021-03,582850,167240,4,340529467
Uruguay,2021-04,1180539,338735,5,533501731
Uruguay,2021-05,1014321,291040,6,792994644
Uruguay,2021-06,1065226,305646,7,1136984197
Uruguay,2021-07,933876,267957,8,1060429251
Uruguay,2021-08,731709,209950,9,1201442306
Uruguay,2021-09,713521,204732,10,969014866
Uruguay,2021-10,395869,113587,11,805830936
Uruguay,2021-11,111887,32102,12,582593278
Uzbekistan,2021-04,633285,18661,5,533501731
Uzbekistan,2021-05,1238533,36493,6,792994644
Uzbekistan,2021-06,1906404,56179,7,1136984197
Uzbekistan,2021-07,3400151,100197,8,1060429251
Uzbekistan,2021-08,6776508,199688,9,1201442306
Uzbekistan,2021-09,6118344,180291,10,969014866
Uzbekistan,2021-10,5611650,165360,11,805830936
Uzbekistan,2021-11,4457559,131353,12,582593278
Vanuatu,2021-06,9059,28806,7,1136984197
Vanuatu,2021-07,15541,49420,8,1060429251
Vanuatu,2021-08,12595,40051,9,1201442306
Vanuatu,2021-09,27473,87364,10,969014866
Vanuatu,2021-10,35891,114134,11,805830936
Vanuatu,2021-11,19289,61339,12,582593278
Venezuela,2021-02,3888,135,3,170467452
Venezuela,2021-03,36085,1254,4,340529467
Venezuela,2021-04,236904,8252,5,533501731
Venezuela,2021-05,205145,7143,6,792994644
Venezuela,2021-06,1204859,41973,7,1136984197
Venezuela,2021-07,2614617,91083,8,1060429251
Venezuela,2021-08,5020246,174891,9,1201442306
Venezuela,2021-09,6187543,215556,10,969014866
Venezuela,2021-10,5639291,196453,11,805830936
Venezuela,2021-11,1255300,43730,12,582593278
Vietnam,2021-03,47124,478,4,340529467
Vietnam,2021-04,302631,3082,5,533501731
Vietnam,2021-05,715067,7285,6,792994644
Vietnam,2021-06,2302538,23453,7,1136984197
Vietnam,2021-07,1971224,20080,8,1060429251
Vietnam,2021-08,14067831,143303,9,1201442306
Vietnam,2021-09,20807085,211951,10,969014866
Vietnam,2021-10,38479489,391973,11,805830936
Vietnam,2021-11,23701246,241433,12,582593278
Wales,2021-01,294168,92799,2,93138028
Wales,2021-02,621489,196053,3,170467452
Wales,2021-03,836844,263986,4,340529467
Wales,2021-04,707714,223254,5,533501731
Wales,2021-05,698539,220361,6,792994644
Wales,2021-06,663688,209364,7,1136984197
Wales,2021-07,441043,139129,8,1060429251
Wales,2021-08,202489,63876,9,1201442306
Wales,2021-09,66938,21117,10,969014866
Wales,2021-10,505956,159609,11,805830936
Wales,2021-11,301986,95262,12,582593278
Wallis and Futuna,2021-03,2150,193800,4,340529467
Wallis and Futuna,2021-04,2833,255363,5,533501731
Wallis and Futuna,2021-05,2865,258247,6,792994644
Wallis and Futuna,2021-06,588,53002,7,1136984197
Wallis and Futuna,2021-07,380,34253,8,1060429251
Wallis and Futuna,2021-08,464,41824,9,1201442306
Wallis and Futuna,2021-09,667,60124,10,969014866
Wallis and Futuna,2021-10,1035,93293,11,805830936
Wallis and Futuna,2021-11,369,33261,12,582593278
Yemen,2021-05,96628,3164,6,792994644
Yemen,2021-06,165908,5442,7,1136984197
Yemen,2021-07,43168,1421,8,1060429251
Yemen,2021-08,7861,257,9,1201442306
Yemen,2021-09,74639,2445,10,969014866
Yemen,2021-10,139586,4582,11,805830936
Yemen,2021-11,202139,6627,12,582593278
Zambia,2021-04,21360,1129,5,533501731
Zambia,2021-05,125605,6639,6,792994644
Zambia,2021-06,5319,283,7,1136984197
Zambia,2021-07,243831,12885,8,1060429251
Zambia,2021-08,174307,9211,9,1201442306
Zambia,2021-09,135257,7145,10,969014866
Zambia,2021-10,201060,10625,11,805830936
Zambia,2021-11,96806,5114,12,582593278
Zimbabwe,2021-02,11813,782,3,170467452
Zimbabwe,2021-03,67198,4452,4,340529467
Zimbabwe,2021-04,361818,23972,5,533501731
Zimbabwe,2021-05,536999,35582,6,792994644
Zimbabwe,2021-06,293276,19429,7,1136984197
Zimbabwe,2021-07,1041443,69005,8,1060429251
Zimbabwe,2021-08,1800117,119276,9,1201442306
Zimbabwe,2021-09,1147935,76064,10,969014866
Zimbabwe,2021-10,614428,40713,11,805830936
Zimbabwe,2021-11,401124,26576,12,582593278
